match_id,season,start_date,venue,innings,ball,batting_team,bowling_team,striker,non_striker,bowler,runs_off_bat,extras,wides,noballs,byes,legbyes,penalty,wicket_type,player_dismissed,other_wicket_type,other_player_dismissed
1433382,2024/25,2024-12-12,"Warner Park, Basseterre, St Kitts",1,0.1,Bangladesh,West Indies,Tanzid Hasan,Soumya Sarkar,AS Joseph,0,1,,,,1,,,,,
1433382,2024/25,2024-12-12,"Warner Park, Basseterre, St Kitts",1,0.2,Bangladesh,West Indies,Soumya Sarkar,Tanzid Hasan,AS Joseph,0,0,,,,,,,,,
1433382,2024/25,2024-12-12,"Warner Park, Basseterre, St Kitts",1,0.3,Bangladesh,West Indies,Soumya Sarkar,Tanzid Hasan,AS Joseph,0,0,,,,,,,,,
1433382,2024/25,2024-12-12,"Warner Park, Basseterre, St Kitts",1,0.4,Bangladesh,West Indies,Soumya Sarkar,Tanzid Hasan,AS Joseph,1,0,,,,,,,,,
1433382,2024/25,2024-12-12,"Warner Park, Basseterre, St Kitts",1,0.5,Bangladesh,West Indies,Tanzid Hasan,Soumya Sarkar,AS Joseph,0,0,,,,,,,,,
1433382,2024/25,2024-12-12,"Warner Park, Basseterre, St Kitts",1,0.6,Bangladesh,West Indies,Tanzid Hasan,Soumya Sarkar,AS Joseph,0,1,1,,,,,,,,
1433382,2024/25,2024-12-12,"Warner Park, Basseterre, St Kitts",1,0.7,Bangladesh,West Indies,Tanzid Hasan,Soumya Sarkar,AS Joseph,0,0,,,,,,,,,
1433382,2024/25,2024-12-12,"Warner Park, Basseterre, St Kitts",1,1.1,Bangladesh,West Indies,Soumya Sarkar,Tanzid Hasan,J Blades,0,0,,,,,,,,,
1433382,2024/25,2024-12-12,"Warner Park, Basseterre, St Kitts",1,1.2,Bangladesh,West Indies,Soumya Sarkar,Tanzid Hasan,J Blades,0,0,,,,,,,,,
1433382,2024/25,2024-12-12,"Warner Park, Basseterre, St Kitts",1,1.3,Bangladesh,West Indies,Soumya Sarkar,Tanzid Hasan,J Blades,4,0,,,,,,,,,
1433382,2024/25,2024-12-12,"Warner Park, Basseterre, St Kitts",1,1.4,Bangladesh,West Indies,Soumya Sarkar,Tanzid Hasan,J Blades,2,0,,,,,,,,,
1433382,2024/25,2024-12-12,"Warner Park, Basseterre, St Kitts",1,1.5,Bangladesh,West Indies,Soumya Sarkar,Tanzid Hasan,J Blades,0,0,,,,,,,,,
1433382,2024/25,2024-12-12,"Warner Park, Basseterre, St Kitts",1,1.6,Bangladesh,West Indies,Soumya Sarkar,Tanzid Hasan,J Blades,0,0,,,,,,,,,
1433382,2024/25,2024-12-12,"Warner Park, Basseterre, St Kitts",1,2.1,Bangladesh,West Indies,Tanzid Hasan,Soumya Sarkar,AS Joseph,0,0,,,,,,,,,
1433382,2024/25,2024-12-12,"Warner Park, Basseterre, St Kitts",1,2.2,Bangladesh,West Indies,Tanzid Hasan,Soumya Sarkar,AS Joseph,0,0,,,,,,caught,Tanzid Hasan,,
1433382,2024/25,2024-12-12,"Warner Park, Basseterre, St Kitts",1,2.3,Bangladesh,West Indies,Liton Das,Soumya Sarkar,AS Joseph,0,0,,,,,,,,,
1433382,2024/25,2024-12-12,"Warner Park, Basseterre, St Kitts",1,2.4,Bangladesh,West Indies,Liton Das,Soumya Sarkar,AS Joseph,0,0,,,,,,caught,Liton Das,,
1433382,2024/25,2024-12-12,"Warner Park, Basseterre, St Kitts",1,2.5,Bangladesh,West Indies,Mehedi Hasan Miraz,Soumya Sarkar,AS Joseph,0,0,,,,,,,,,
1433382,2024/25,2024-12-12,"Warner Park, Basseterre, St Kitts",1,2.6,Bangladesh,West Indies,Mehedi Hasan Miraz,Soumya Sarkar,AS Joseph,0,0,,,,,,,,,
1433382,2024/25,2024-12-12,"Warner Park, Basseterre, St Kitts",1,3.1,Bangladesh,West Indies,Soumya Sarkar,Mehedi Hasan Miraz,J Blades,1,0,,,,,,,,,
1433382,2024/25,2024-12-12,"Warner Park, Basseterre, St Kitts",1,3.2,Bangladesh,West Indies,Mehedi Hasan Miraz,Soumya Sarkar,J Blades,0,0,,,,,,,,,
1433382,2024/25,2024-12-12,"Warner Park, Basseterre, St Kitts",1,3.3,Bangladesh,West Indies,Mehedi Hasan Miraz,Soumya Sarkar,J Blades,0,0,,,,,,,,,
1433382,2024/25,2024-12-12,"Warner Park, Basseterre, St Kitts",1,3.4,Bangladesh,West Indies,Mehedi Hasan Miraz,Soumya Sarkar,J Blades,4,0,,,,,,,,,
1433382,2024/25,2024-12-12,"Warner Park, Basseterre, St Kitts",1,3.5,Bangladesh,West Indies,Mehedi Hasan Miraz,Soumya Sarkar,J Blades,0,1,,1,,,,,,,
1433382,2024/25,2024-12-12,"Warner Park, Basseterre, St Kitts",1,3.6,Bangladesh,West Indies,Mehedi Hasan Miraz,Soumya Sarkar,J Blades,4,0,,,,,,,,,
1433382,2024/25,2024-12-12,"Warner Park, Basseterre, St Kitts",1,3.7,Bangladesh,West Indies,Mehedi Hasan Miraz,Soumya Sarkar,J Blades,1,0,,,,,,,,,
1433382,2024/25,2024-12-12,"Warner Park, Basseterre, St Kitts",1,4.1,Bangladesh,West Indies,Mehedi Hasan Miraz,Soumya Sarkar,AS Joseph,0,0,,,,,,,,,
1433382,2024/25,2024-12-12,"Warner Park, Basseterre, St Kitts",1,4.2,Bangladesh,West Indies,Mehedi Hasan Miraz,Soumya Sarkar,AS Joseph,0,0,,,,,,,,,
1433382,2024/25,2024-12-12,"Warner Park, Basseterre, St Kitts",1,4.3,Bangladesh,West Indies,Mehedi Hasan Miraz,Soumya Sarkar,AS Joseph,0,0,,,,,,,,,
1433382,2024/25,2024-12-12,"Warner Park, Basseterre, St Kitts",1,4.4,Bangladesh,West Indies,Mehedi Hasan Miraz,Soumya Sarkar,AS Joseph,0,0,,,,,,,,,
1433382,2024/25,2024-12-12,"Warner Park, Basseterre, St Kitts",1,4.5,Bangladesh,West Indies,Mehedi Hasan Miraz,Soumya Sarkar,AS Joseph,4,0,,,,,,,,,
1433382,2024/25,2024-12-12,"Warner Park, Basseterre, St Kitts",1,4.6,Bangladesh,West Indies,Mehedi Hasan Miraz,Soumya Sarkar,AS Joseph,0,0,,,,,,,,,
1433382,2024/25,2024-12-12,"Warner Park, Basseterre, St Kitts",1,5.1,Bangladesh,West Indies,Soumya Sarkar,Mehedi Hasan Miraz,J Blades,1,0,,,,,,,,,
1433382,2024/25,2024-12-12,"Warner Park, Basseterre, St Kitts",1,5.2,Bangladesh,West Indies,Mehedi Hasan Miraz,Soumya Sarkar,J Blades,4,0,,,,,,,,,
1433382,2024/25,2024-12-12,"Warner Park, Basseterre, St Kitts",1,5.3,Bangladesh,West Indies,Mehedi Hasan Miraz,Soumya Sarkar,J Blades,0,0,,,,,,,,,
1433382,2024/25,2024-12-12,"Warner Park, Basseterre, St Kitts",1,5.4,Bangladesh,West Indies,Mehedi Hasan Miraz,Soumya Sarkar,J Blades,0,1,,1,,,,,,,
1433382,2024/25,2024-12-12,"Warner Park, Basseterre, St Kitts",1,5.5,Bangladesh,West Indies,Mehedi Hasan Miraz,Soumya Sarkar,J Blades,4,0,,,,,,,,,
1433382,2024/25,2024-12-12,"Warner Park, Basseterre, St Kitts",1,5.6,Bangladesh,West Indies,Mehedi Hasan Miraz,Soumya Sarkar,J Blades,2,0,,,,,,,,,
1433382,2024/25,2024-12-12,"Warner Park, Basseterre, St Kitts",1,5.7,Bangladesh,West Indies,Mehedi Hasan Miraz,Soumya Sarkar,J Blades,0,0,,,,,,,,,
1433382,2024/25,2024-12-12,"Warner Park, Basseterre, St Kitts",1,6.1,Bangladesh,West Indies,Soumya Sarkar,Mehedi Hasan Miraz,AS Joseph,0,0,,,,,,,,,
1433382,2024/25,2024-12-12,"Warner Park, Basseterre, St Kitts",1,6.2,Bangladesh,West Indies,Soumya Sarkar,Mehedi Hasan Miraz,AS Joseph,1,0,,,,,,,,,
1433382,2024/25,2024-12-12,"Warner Park, Basseterre, St Kitts",1,6.3,Bangladesh,West Indies,Mehedi Hasan Miraz,Soumya Sarkar,AS Joseph,0,0,,,,,,,,,
1433382,2024/25,2024-12-12,"Warner Park, Basseterre, St Kitts",1,6.4,Bangladesh,West Indies,Mehedi Hasan Miraz,Soumya Sarkar,AS Joseph,0,0,,,,,,,,,
1433382,2024/25,2024-12-12,"Warner Park, Basseterre, St Kitts",1,6.5,Bangladesh,West Indies,Mehedi Hasan Miraz,Soumya Sarkar,AS Joseph,0,0,,,,,,,,,
1433382,2024/25,2024-12-12,"Warner Park, Basseterre, St Kitts",1,6.6,Bangladesh,West Indies,Mehedi Hasan Miraz,Soumya Sarkar,AS Joseph,0,0,,,,,,,,,
1433382,2024/25,2024-12-12,"Warner Park, Basseterre, St Kitts",1,7.1,Bangladesh,West Indies,Soumya Sarkar,Mehedi Hasan Miraz,R Shepherd,2,0,,,,,,,,,
1433382,2024/25,2024-12-12,"Warner Park, Basseterre, St Kitts",1,7.2,Bangladesh,West Indies,Soumya Sarkar,Mehedi Hasan Miraz,R Shepherd,0,0,,,,,,,,,
1433382,2024/25,2024-12-12,"Warner Park, Basseterre, St Kitts",1,7.3,Bangladesh,West Indies,Soumya Sarkar,Mehedi Hasan Miraz,R Shepherd,4,0,,,,,,,,,
1433382,2024/25,2024-12-12,"Warner Park, Basseterre, St Kitts",1,7.4,Bangladesh,West Indies,Soumya Sarkar,Mehedi Hasan Miraz,R Shepherd,0,0,,,,,,,,,
1433382,2024/25,2024-12-12,"Warner Park, Basseterre, St Kitts",1,7.5,Bangladesh,West Indies,Soumya Sarkar,Mehedi Hasan Miraz,R Shepherd,0,0,,,,,,,,,
1433382,2024/25,2024-12-12,"Warner Park, Basseterre, St Kitts",1,7.6,Bangladesh,West Indies,Soumya Sarkar,Mehedi Hasan Miraz,R Shepherd,0,0,,,,,,,,,
1433382,2024/25,2024-12-12,"Warner Park, Basseterre, St Kitts",1,8.1,Bangladesh,West Indies,Mehedi Hasan Miraz,Soumya Sarkar,RL Chase,0,0,,,,,,,,,
1433382,2024/25,2024-12-12,"Warner Park, Basseterre, St Kitts",1,8.2,Bangladesh,West Indies,Mehedi Hasan Miraz,Soumya Sarkar,RL Chase,0,0,,,,,,,,,
1433382,2024/25,2024-12-12,"Warner Park, Basseterre, St Kitts",1,8.3,Bangladesh,West Indies,Mehedi Hasan Miraz,Soumya Sarkar,RL Chase,3,0,,,,,,,,,
1433382,2024/25,2024-12-12,"Warner Park, Basseterre, St Kitts",1,8.4,Bangladesh,West Indies,Soumya Sarkar,Mehedi Hasan Miraz,RL Chase,0,0,,,,,,,,,
1433382,2024/25,2024-12-12,"Warner Park, Basseterre, St Kitts",1,8.5,Bangladesh,West Indies,Soumya Sarkar,Mehedi Hasan Miraz,RL Chase,0,0,,,,,,,,,
1433382,2024/25,2024-12-12,"Warner Park, Basseterre, St Kitts",1,8.6,Bangladesh,West Indies,Soumya Sarkar,Mehedi Hasan Miraz,RL Chase,0,0,,,,,,,,,
1433382,2024/25,2024-12-12,"Warner Park, Basseterre, St Kitts",1,9.1,Bangladesh,West Indies,Mehedi Hasan Miraz,Soumya Sarkar,R Shepherd,0,0,,,,,,,,,
1433382,2024/25,2024-12-12,"Warner Park, Basseterre, St Kitts",1,9.2,Bangladesh,West Indies,Mehedi Hasan Miraz,Soumya Sarkar,R Shepherd,0,0,,,,,,,,,
1433382,2024/25,2024-12-12,"Warner Park, Basseterre, St Kitts",1,9.3,Bangladesh,West Indies,Mehedi Hasan Miraz,Soumya Sarkar,R Shepherd,0,0,,,,,,,,,
1433382,2024/25,2024-12-12,"Warner Park, Basseterre, St Kitts",1,9.4,Bangladesh,West Indies,Mehedi Hasan Miraz,Soumya Sarkar,R Shepherd,0,0,,,,,,,,,
1433382,2024/25,2024-12-12,"Warner Park, Basseterre, St Kitts",1,9.5,Bangladesh,West Indies,Mehedi Hasan Miraz,Soumya Sarkar,R Shepherd,0,0,,,,,,,,,
1433382,2024/25,2024-12-12,"Warner Park, Basseterre, St Kitts",1,9.6,Bangladesh,West Indies,Mehedi Hasan Miraz,Soumya Sarkar,R Shepherd,0,0,,,,,,,,,
1433382,2024/25,2024-12-12,"Warner Park, Basseterre, St Kitts",1,10.1,Bangladesh,West Indies,Soumya Sarkar,Mehedi Hasan Miraz,RL Chase,4,0,,,,,,,,,
1433382,2024/25,2024-12-12,"Warner Park, Basseterre, St Kitts",1,10.2,Bangladesh,West Indies,Soumya Sarkar,Mehedi Hasan Miraz,RL Chase,0,0,,,,,,,,,
1433382,2024/25,2024-12-12,"Warner Park, Basseterre, St Kitts",1,10.3,Bangladesh,West Indies,Soumya Sarkar,Mehedi Hasan Miraz,RL Chase,0,0,,,,,,,,,
1433382,2024/25,2024-12-12,"Warner Park, Basseterre, St Kitts",1,10.4,Bangladesh,West Indies,Soumya Sarkar,Mehedi Hasan Miraz,RL Chase,0,0,,,,,,,,,
1433382,2024/25,2024-12-12,"Warner Park, Basseterre, St Kitts",1,10.5,Bangladesh,West Indies,Soumya Sarkar,Mehedi Hasan Miraz,RL Chase,1,0,,,,,,,,,
1433382,2024/25,2024-12-12,"Warner Park, Basseterre, St Kitts",1,10.6,Bangladesh,West Indies,Mehedi Hasan Miraz,Soumya Sarkar,RL Chase,0,0,,,,,,,,,
1433382,2024/25,2024-12-12,"Warner Park, Basseterre, St Kitts",1,11.1,Bangladesh,West Indies,Soumya Sarkar,Mehedi Hasan Miraz,R Shepherd,6,0,,,,,,,,,
1433382,2024/25,2024-12-12,"Warner Park, Basseterre, St Kitts",1,11.2,Bangladesh,West Indies,Soumya Sarkar,Mehedi Hasan Miraz,R Shepherd,0,0,,,,,,,,,
1433382,2024/25,2024-12-12,"Warner Park, Basseterre, St Kitts",1,11.3,Bangladesh,West Indies,Soumya Sarkar,Mehedi Hasan Miraz,R Shepherd,1,0,,,,,,,,,
1433382,2024/25,2024-12-12,"Warner Park, Basseterre, St Kitts",1,11.4,Bangladesh,West Indies,Mehedi Hasan Miraz,Soumya Sarkar,R Shepherd,1,0,,,,,,,,,
1433382,2024/25,2024-12-12,"Warner Park, Basseterre, St Kitts",1,11.5,Bangladesh,West Indies,Soumya Sarkar,Mehedi Hasan Miraz,R Shepherd,0,0,,,,,,,,,
1433382,2024/25,2024-12-12,"Warner Park, Basseterre, St Kitts",1,11.6,Bangladesh,West Indies,Soumya Sarkar,Mehedi Hasan Miraz,R Shepherd,1,0,,,,,,,,,
1433382,2024/25,2024-12-12,"Warner Park, Basseterre, St Kitts",1,12.1,Bangladesh,West Indies,Soumya Sarkar,Mehedi Hasan Miraz,RL Chase,0,0,,,,,,,,,
1433382,2024/25,2024-12-12,"Warner Park, Basseterre, St Kitts",1,12.2,Bangladesh,West Indies,Soumya Sarkar,Mehedi Hasan Miraz,RL Chase,0,0,,,,,,,,,
1433382,2024/25,2024-12-12,"Warner Park, Basseterre, St Kitts",1,12.3,Bangladesh,West Indies,Soumya Sarkar,Mehedi Hasan Miraz,RL Chase,0,0,,,,,,,,,
1433382,2024/25,2024-12-12,"Warner Park, Basseterre, St Kitts",1,12.4,Bangladesh,West Indies,Soumya Sarkar,Mehedi Hasan Miraz,RL Chase,0,0,,,,,,,,,
1433382,2024/25,2024-12-12,"Warner Park, Basseterre, St Kitts",1,12.5,Bangladesh,West Indies,Soumya Sarkar,Mehedi Hasan Miraz,RL Chase,0,0,,,,,,,,,
1433382,2024/25,2024-12-12,"Warner Park, Basseterre, St Kitts",1,12.6,Bangladesh,West Indies,Soumya Sarkar,Mehedi Hasan Miraz,RL Chase,0,0,,,,,,,,,
1433382,2024/25,2024-12-12,"Warner Park, Basseterre, St Kitts",1,13.1,Bangladesh,West Indies,Mehedi Hasan Miraz,Soumya Sarkar,R Shepherd,1,0,,,,,,,,,
1433382,2024/25,2024-12-12,"Warner Park, Basseterre, St Kitts",1,13.2,Bangladesh,West Indies,Soumya Sarkar,Mehedi Hasan Miraz,R Shepherd,0,0,,,,,,,,,
1433382,2024/25,2024-12-12,"Warner Park, Basseterre, St Kitts",1,13.3,Bangladesh,West Indies,Soumya Sarkar,Mehedi Hasan Miraz,R Shepherd,1,0,,,,,,,,,
1433382,2024/25,2024-12-12,"Warner Park, Basseterre, St Kitts",1,13.4,Bangladesh,West Indies,Mehedi Hasan Miraz,Soumya Sarkar,R Shepherd,6,0,,,,,,,,,
1433382,2024/25,2024-12-12,"Warner Park, Basseterre, St Kitts",1,13.5,Bangladesh,West Indies,Mehedi Hasan Miraz,Soumya Sarkar,R Shepherd,1,0,,,,,,,,,
1433382,2024/25,2024-12-12,"Warner Park, Basseterre, St Kitts",1,13.6,Bangladesh,West Indies,Soumya Sarkar,Mehedi Hasan Miraz,R Shepherd,0,0,,,,,,,,,
1433382,2024/25,2024-12-12,"Warner Park, Basseterre, St Kitts",1,14.1,Bangladesh,West Indies,Mehedi Hasan Miraz,Soumya Sarkar,RL Chase,2,0,,,,,,,,,
1433382,2024/25,2024-12-12,"Warner Park, Basseterre, St Kitts",1,14.2,Bangladesh,West Indies,Mehedi Hasan Miraz,Soumya Sarkar,RL Chase,0,0,,,,,,,,,
1433382,2024/25,2024-12-12,"Warner Park, Basseterre, St Kitts",1,14.3,Bangladesh,West Indies,Mehedi Hasan Miraz,Soumya Sarkar,RL Chase,0,0,,,,,,,,,
1433382,2024/25,2024-12-12,"Warner Park, Basseterre, St Kitts",1,14.4,Bangladesh,West Indies,Mehedi Hasan Miraz,Soumya Sarkar,RL Chase,1,0,,,,,,,,,
1433382,2024/25,2024-12-12,"Warner Park, Basseterre, St Kitts",1,14.5,Bangladesh,West Indies,Soumya Sarkar,Mehedi Hasan Miraz,RL Chase,0,0,,,,,,,,,
1433382,2024/25,2024-12-12,"Warner Park, Basseterre, St Kitts",1,14.6,Bangladesh,West Indies,Soumya Sarkar,Mehedi Hasan Miraz,RL Chase,0,0,,,,,,,,,
1433382,2024/25,2024-12-12,"Warner Park, Basseterre, St Kitts",1,15.1,Bangladesh,West Indies,Mehedi Hasan Miraz,Soumya Sarkar,G Motie,1,0,,,,,,,,,
1433382,2024/25,2024-12-12,"Warner Park, Basseterre, St Kitts",1,15.2,Bangladesh,West Indies,Soumya Sarkar,Mehedi Hasan Miraz,G Motie,1,0,,,,,,,,,
1433382,2024/25,2024-12-12,"Warner Park, Basseterre, St Kitts",1,15.3,Bangladesh,West Indies,Mehedi Hasan Miraz,Soumya Sarkar,G Motie,0,1,1,,,,,,,,
1433382,2024/25,2024-12-12,"Warner Park, Basseterre, St Kitts",1,15.4,Bangladesh,West Indies,Mehedi Hasan Miraz,Soumya Sarkar,G Motie,1,0,,,,,,,,,
1433382,2024/25,2024-12-12,"Warner Park, Basseterre, St Kitts",1,15.5,Bangladesh,West Indies,Soumya Sarkar,Mehedi Hasan Miraz,G Motie,1,0,,,,,,,,,
1433382,2024/25,2024-12-12,"Warner Park, Basseterre, St Kitts",1,15.6,Bangladesh,West Indies,Mehedi Hasan Miraz,Soumya Sarkar,G Motie,2,0,,,,,,,,,
1433382,2024/25,2024-12-12,"Warner Park, Basseterre, St Kitts",1,15.7,Bangladesh,West Indies,Mehedi Hasan Miraz,Soumya Sarkar,G Motie,0,0,,,,,,,,,
1433382,2024/25,2024-12-12,"Warner Park, Basseterre, St Kitts",1,16.1,Bangladesh,West Indies,Soumya Sarkar,Mehedi Hasan Miraz,RL Chase,6,0,,,,,,,,,
1433382,2024/25,2024-12-12,"Warner Park, Basseterre, St Kitts",1,16.2,Bangladesh,West Indies,Soumya Sarkar,Mehedi Hasan Miraz,RL Chase,1,0,,,,,,,,,
1433382,2024/25,2024-12-12,"Warner Park, Basseterre, St Kitts",1,16.3,Bangladesh,West Indies,Mehedi Hasan Miraz,Soumya Sarkar,RL Chase,0,0,,,,,,,,,
1433382,2024/25,2024-12-12,"Warner Park, Basseterre, St Kitts",1,16.4,Bangladesh,West Indies,Mehedi Hasan Miraz,Soumya Sarkar,RL Chase,0,0,,,,,,,,,
1433382,2024/25,2024-12-12,"Warner Park, Basseterre, St Kitts",1,16.5,Bangladesh,West Indies,Mehedi Hasan Miraz,Soumya Sarkar,RL Chase,1,0,,,,,,,,,
1433382,2024/25,2024-12-12,"Warner Park, Basseterre, St Kitts",1,16.6,Bangladesh,West Indies,Soumya Sarkar,Mehedi Hasan Miraz,RL Chase,0,0,,,,,,,,,
1433382,2024/25,2024-12-12,"Warner Park, Basseterre, St Kitts",1,17.1,Bangladesh,West Indies,Mehedi Hasan Miraz,Soumya Sarkar,G Motie,0,0,,,,,,,,,
1433382,2024/25,2024-12-12,"Warner Park, Basseterre, St Kitts",1,17.2,Bangladesh,West Indies,Mehedi Hasan Miraz,Soumya Sarkar,G Motie,1,0,,,,,,,,,
1433382,2024/25,2024-12-12,"Warner Park, Basseterre, St Kitts",1,17.3,Bangladesh,West Indies,Soumya Sarkar,Mehedi Hasan Miraz,G Motie,6,0,,,,,,,,,
1433382,2024/25,2024-12-12,"Warner Park, Basseterre, St Kitts",1,17.4,Bangladesh,West Indies,Soumya Sarkar,Mehedi Hasan Miraz,G Motie,1,0,,,,,,,,,
1433382,2024/25,2024-12-12,"Warner Park, Basseterre, St Kitts",1,17.5,Bangladesh,West Indies,Mehedi Hasan Miraz,Soumya Sarkar,G Motie,1,0,,,,,,,,,
1433382,2024/25,2024-12-12,"Warner Park, Basseterre, St Kitts",1,17.6,Bangladesh,West Indies,Soumya Sarkar,Mehedi Hasan Miraz,G Motie,1,0,,,,,,,,,
1433382,2024/25,2024-12-12,"Warner Park, Basseterre, St Kitts",1,18.1,Bangladesh,West Indies,Soumya Sarkar,Mehedi Hasan Miraz,RL Chase,1,0,,,,,,,,,
1433382,2024/25,2024-12-12,"Warner Park, Basseterre, St Kitts",1,18.2,Bangladesh,West Indies,Mehedi Hasan Miraz,Soumya Sarkar,RL Chase,1,0,,,,,,,,,
1433382,2024/25,2024-12-12,"Warner Park, Basseterre, St Kitts",1,18.3,Bangladesh,West Indies,Soumya Sarkar,Mehedi Hasan Miraz,RL Chase,0,0,,,,,,,,,
1433382,2024/25,2024-12-12,"Warner Park, Basseterre, St Kitts",1,18.4,Bangladesh,West Indies,Soumya Sarkar,Mehedi Hasan Miraz,RL Chase,0,0,,,,,,,,,
1433382,2024/25,2024-12-12,"Warner Park, Basseterre, St Kitts",1,18.5,Bangladesh,West Indies,Soumya Sarkar,Mehedi Hasan Miraz,RL Chase,0,0,,,,,,,,,
1433382,2024/25,2024-12-12,"Warner Park, Basseterre, St Kitts",1,18.6,Bangladesh,West Indies,Soumya Sarkar,Mehedi Hasan Miraz,RL Chase,0,0,,,,,,,,,
1433382,2024/25,2024-12-12,"Warner Park, Basseterre, St Kitts",1,19.1,Bangladesh,West Indies,Mehedi Hasan Miraz,Soumya Sarkar,G Motie,1,0,,,,,,,,,
1433382,2024/25,2024-12-12,"Warner Park, Basseterre, St Kitts",1,19.2,Bangladesh,West Indies,Soumya Sarkar,Mehedi Hasan Miraz,G Motie,1,0,,,,,,,,,
1433382,2024/25,2024-12-12,"Warner Park, Basseterre, St Kitts",1,19.3,Bangladesh,West Indies,Mehedi Hasan Miraz,Soumya Sarkar,G Motie,0,0,,,,,,,,,
1433382,2024/25,2024-12-12,"Warner Park, Basseterre, St Kitts",1,19.4,Bangladesh,West Indies,Mehedi Hasan Miraz,Soumya Sarkar,G Motie,4,0,,,,,,,,,
1433382,2024/25,2024-12-12,"Warner Park, Basseterre, St Kitts",1,19.5,Bangladesh,West Indies,Mehedi Hasan Miraz,Soumya Sarkar,G Motie,1,0,,,,,,,,,
1433382,2024/25,2024-12-12,"Warner Park, Basseterre, St Kitts",1,19.6,Bangladesh,West Indies,Soumya Sarkar,Mehedi Hasan Miraz,G Motie,1,0,,,,,,,,,
1433382,2024/25,2024-12-12,"Warner Park, Basseterre, St Kitts",1,20.1,Bangladesh,West Indies,Soumya Sarkar,Mehedi Hasan Miraz,J Blades,1,0,,,,,,,,,
1433382,2024/25,2024-12-12,"Warner Park, Basseterre, St Kitts",1,20.2,Bangladesh,West Indies,Mehedi Hasan Miraz,Soumya Sarkar,J Blades,6,0,,,,,,,,,
1433382,2024/25,2024-12-12,"Warner Park, Basseterre, St Kitts",1,20.3,Bangladesh,West Indies,Mehedi Hasan Miraz,Soumya Sarkar,J Blades,4,0,,,,,,,,,
1433382,2024/25,2024-12-12,"Warner Park, Basseterre, St Kitts",1,20.4,Bangladesh,West Indies,Mehedi Hasan Miraz,Soumya Sarkar,J Blades,1,0,,,,,,,,,
1433382,2024/25,2024-12-12,"Warner Park, Basseterre, St Kitts",1,20.5,Bangladesh,West Indies,Soumya Sarkar,Mehedi Hasan Miraz,J Blades,0,0,,,,,,,,,
1433382,2024/25,2024-12-12,"Warner Park, Basseterre, St Kitts",1,20.6,Bangladesh,West Indies,Soumya Sarkar,Mehedi Hasan Miraz,J Blades,4,0,,,,,,,,,
1433382,2024/25,2024-12-12,"Warner Park, Basseterre, St Kitts",1,21.1,Bangladesh,West Indies,Mehedi Hasan Miraz,Soumya Sarkar,G Motie,1,0,,,,,,,,,
1433382,2024/25,2024-12-12,"Warner Park, Basseterre, St Kitts",1,21.2,Bangladesh,West Indies,Soumya Sarkar,Mehedi Hasan Miraz,G Motie,0,0,,,,,,,,,
1433382,2024/25,2024-12-12,"Warner Park, Basseterre, St Kitts",1,21.3,Bangladesh,West Indies,Soumya Sarkar,Mehedi Hasan Miraz,G Motie,1,0,,,,,,,,,
1433382,2024/25,2024-12-12,"Warner Park, Basseterre, St Kitts",1,21.4,Bangladesh,West Indies,Mehedi Hasan Miraz,Soumya Sarkar,G Motie,1,0,,,,,,,,,
1433382,2024/25,2024-12-12,"Warner Park, Basseterre, St Kitts",1,21.5,Bangladesh,West Indies,Soumya Sarkar,Mehedi Hasan Miraz,G Motie,0,0,,,,,,,,,
1433382,2024/25,2024-12-12,"Warner Park, Basseterre, St Kitts",1,21.6,Bangladesh,West Indies,Soumya Sarkar,Mehedi Hasan Miraz,G Motie,1,0,,,,,,,,,
1433382,2024/25,2024-12-12,"Warner Park, Basseterre, St Kitts",1,22.1,Bangladesh,West Indies,Soumya Sarkar,Mehedi Hasan Miraz,J Blades,0,1,1,,,,,,,,
1433382,2024/25,2024-12-12,"Warner Park, Basseterre, St Kitts",1,22.2,Bangladesh,West Indies,Soumya Sarkar,Mehedi Hasan Miraz,J Blades,0,0,,,,,,,,,
1433382,2024/25,2024-12-12,"Warner Park, Basseterre, St Kitts",1,22.3,Bangladesh,West Indies,Soumya Sarkar,Mehedi Hasan Miraz,J Blades,1,0,,,,,,,,,
1433382,2024/25,2024-12-12,"Warner Park, Basseterre, St Kitts",1,22.4,Bangladesh,West Indies,Mehedi Hasan Miraz,Soumya Sarkar,J Blades,1,0,,,,,,,,,
1433382,2024/25,2024-12-12,"Warner Park, Basseterre, St Kitts",1,22.5,Bangladesh,West Indies,Soumya Sarkar,Mehedi Hasan Miraz,J Blades,4,0,,,,,,,,,
1433382,2024/25,2024-12-12,"Warner Park, Basseterre, St Kitts",1,22.6,Bangladesh,West Indies,Soumya Sarkar,Mehedi Hasan Miraz,J Blades,4,0,,,,,,,,,
1433382,2024/25,2024-12-12,"Warner Park, Basseterre, St Kitts",1,22.7,Bangladesh,West Indies,Soumya Sarkar,Mehedi Hasan Miraz,J Blades,1,0,,,,,,,,,
1433382,2024/25,2024-12-12,"Warner Park, Basseterre, St Kitts",1,23.1,Bangladesh,West Indies,Soumya Sarkar,Mehedi Hasan Miraz,G Motie,0,0,,,,,,,,,
1433382,2024/25,2024-12-12,"Warner Park, Basseterre, St Kitts",1,23.2,Bangladesh,West Indies,Soumya Sarkar,Mehedi Hasan Miraz,G Motie,6,0,,,,,,,,,
1433382,2024/25,2024-12-12,"Warner Park, Basseterre, St Kitts",1,23.3,Bangladesh,West Indies,Soumya Sarkar,Mehedi Hasan Miraz,G Motie,0,0,,,,,,lbw,Soumya Sarkar,,
1433382,2024/25,2024-12-12,"Warner Park, Basseterre, St Kitts",1,23.4,Bangladesh,West Indies,Afif Hossain,Mehedi Hasan Miraz,G Motie,0,0,,,,,,,,,
1433382,2024/25,2024-12-12,"Warner Park, Basseterre, St Kitts",1,23.5,Bangladesh,West Indies,Afif Hossain,Mehedi Hasan Miraz,G Motie,0,0,,,,,,,,,
1433382,2024/25,2024-12-12,"Warner Park, Basseterre, St Kitts",1,23.6,Bangladesh,West Indies,Afif Hossain,Mehedi Hasan Miraz,G Motie,0,0,,,,,,,,,
1433382,2024/25,2024-12-12,"Warner Park, Basseterre, St Kitts",1,24.1,Bangladesh,West Indies,Mehedi Hasan Miraz,Afif Hossain,AS Joseph,1,0,,,,,,,,,
1433382,2024/25,2024-12-12,"Warner Park, Basseterre, St Kitts",1,24.2,Bangladesh,West Indies,Afif Hossain,Mehedi Hasan Miraz,AS Joseph,0,0,,,,,,,,,
1433382,2024/25,2024-12-12,"Warner Park, Basseterre, St Kitts",1,24.3,Bangladesh,West Indies,Afif Hossain,Mehedi Hasan Miraz,AS Joseph,0,0,,,,,,,,,
1433382,2024/25,2024-12-12,"Warner Park, Basseterre, St Kitts",1,24.4,Bangladesh,West Indies,Afif Hossain,Mehedi Hasan Miraz,AS Joseph,0,0,,,,,,,,,
1433382,2024/25,2024-12-12,"Warner Park, Basseterre, St Kitts",1,24.5,Bangladesh,West Indies,Afif Hossain,Mehedi Hasan Miraz,AS Joseph,0,0,,,,,,,,,
1433382,2024/25,2024-12-12,"Warner Park, Basseterre, St Kitts",1,24.6,Bangladesh,West Indies,Afif Hossain,Mehedi Hasan Miraz,AS Joseph,4,0,,,,,,,,,
1433382,2024/25,2024-12-12,"Warner Park, Basseterre, St Kitts",1,25.1,Bangladesh,West Indies,Mehedi Hasan Miraz,Afif Hossain,G Motie,1,0,,,,,,,,,
1433382,2024/25,2024-12-12,"Warner Park, Basseterre, St Kitts",1,25.2,Bangladesh,West Indies,Afif Hossain,Mehedi Hasan Miraz,G Motie,1,0,,,,,,,,,
1433382,2024/25,2024-12-12,"Warner Park, Basseterre, St Kitts",1,25.3,Bangladesh,West Indies,Mehedi Hasan Miraz,Afif Hossain,G Motie,0,0,,,,,,,,,
1433382,2024/25,2024-12-12,"Warner Park, Basseterre, St Kitts",1,25.4,Bangladesh,West Indies,Mehedi Hasan Miraz,Afif Hossain,G Motie,0,0,,,,,,,,,
1433382,2024/25,2024-12-12,"Warner Park, Basseterre, St Kitts",1,25.5,Bangladesh,West Indies,Mehedi Hasan Miraz,Afif Hossain,G Motie,2,0,,,,,,,,,
1433382,2024/25,2024-12-12,"Warner Park, Basseterre, St Kitts",1,25.6,Bangladesh,West Indies,Mehedi Hasan Miraz,Afif Hossain,G Motie,0,0,,,,,,,,,
1433382,2024/25,2024-12-12,"Warner Park, Basseterre, St Kitts",1,26.1,Bangladesh,West Indies,Afif Hossain,Mehedi Hasan Miraz,AS Joseph,0,0,,,,,,,,,
1433382,2024/25,2024-12-12,"Warner Park, Basseterre, St Kitts",1,26.2,Bangladesh,West Indies,Afif Hossain,Mehedi Hasan Miraz,AS Joseph,4,0,,,,,,,,,
1433382,2024/25,2024-12-12,"Warner Park, Basseterre, St Kitts",1,26.3,Bangladesh,West Indies,Afif Hossain,Mehedi Hasan Miraz,AS Joseph,0,0,,,,,,,,,
1433382,2024/25,2024-12-12,"Warner Park, Basseterre, St Kitts",1,26.4,Bangladesh,West Indies,Afif Hossain,Mehedi Hasan Miraz,AS Joseph,0,0,,,,,,,,,
1433382,2024/25,2024-12-12,"Warner Park, Basseterre, St Kitts",1,26.5,Bangladesh,West Indies,Afif Hossain,Mehedi Hasan Miraz,AS Joseph,0,0,,,,,,,,,
1433382,2024/25,2024-12-12,"Warner Park, Basseterre, St Kitts",1,26.6,Bangladesh,West Indies,Afif Hossain,Mehedi Hasan Miraz,AS Joseph,1,0,,,,,,,,,
1433382,2024/25,2024-12-12,"Warner Park, Basseterre, St Kitts",1,27.1,Bangladesh,West Indies,Afif Hossain,Mehedi Hasan Miraz,G Motie,1,0,,,,,,,,,
1433382,2024/25,2024-12-12,"Warner Park, Basseterre, St Kitts",1,27.2,Bangladesh,West Indies,Mehedi Hasan Miraz,Afif Hossain,G Motie,1,0,,,,,,,,,
1433382,2024/25,2024-12-12,"Warner Park, Basseterre, St Kitts",1,27.3,Bangladesh,West Indies,Afif Hossain,Mehedi Hasan Miraz,G Motie,0,0,,,,,,,,,
1433382,2024/25,2024-12-12,"Warner Park, Basseterre, St Kitts",1,27.4,Bangladesh,West Indies,Afif Hossain,Mehedi Hasan Miraz,G Motie,0,0,,,,,,,,,
1433382,2024/25,2024-12-12,"Warner Park, Basseterre, St Kitts",1,27.5,Bangladesh,West Indies,Afif Hossain,Mehedi Hasan Miraz,G Motie,1,0,,,,,,,,,
1433382,2024/25,2024-12-12,"Warner Park, Basseterre, St Kitts",1,27.6,Bangladesh,West Indies,Mehedi Hasan Miraz,Afif Hossain,G Motie,4,0,,,,,,,,,
1433382,2024/25,2024-12-12,"Warner Park, Basseterre, St Kitts",1,28.1,Bangladesh,West Indies,Afif Hossain,Mehedi Hasan Miraz,SE Rutherford,0,0,,,,,,,,,
1433382,2024/25,2024-12-12,"Warner Park, Basseterre, St Kitts",1,28.2,Bangladesh,West Indies,Afif Hossain,Mehedi Hasan Miraz,SE Rutherford,1,0,,,,,,,,,
1433382,2024/25,2024-12-12,"Warner Park, Basseterre, St Kitts",1,28.3,Bangladesh,West Indies,Mehedi Hasan Miraz,Afif Hossain,SE Rutherford,1,0,,,,,,,,,
1433382,2024/25,2024-12-12,"Warner Park, Basseterre, St Kitts",1,28.4,Bangladesh,West Indies,Afif Hossain,Mehedi Hasan Miraz,SE Rutherford,0,0,,,,,,,,,
1433382,2024/25,2024-12-12,"Warner Park, Basseterre, St Kitts",1,28.5,Bangladesh,West Indies,Afif Hossain,Mehedi Hasan Miraz,SE Rutherford,0,0,,,,,,,,,
1433382,2024/25,2024-12-12,"Warner Park, Basseterre, St Kitts",1,28.6,Bangladesh,West Indies,Afif Hossain,Mehedi Hasan Miraz,SE Rutherford,1,0,,,,,,,,,
1433382,2024/25,2024-12-12,"Warner Park, Basseterre, St Kitts",1,29.1,Bangladesh,West Indies,Afif Hossain,Mehedi Hasan Miraz,R Shepherd,1,0,,,,,,,,,
1433382,2024/25,2024-12-12,"Warner Park, Basseterre, St Kitts",1,29.2,Bangladesh,West Indies,Mehedi Hasan Miraz,Afif Hossain,R Shepherd,1,0,,,,,,,,,
1433382,2024/25,2024-12-12,"Warner Park, Basseterre, St Kitts",1,29.3,Bangladesh,West Indies,Afif Hossain,Mehedi Hasan Miraz,R Shepherd,0,0,,,,,,run out,Mehedi Hasan Miraz,,
1433382,2024/25,2024-12-12,"Warner Park, Basseterre, St Kitts",1,29.4,Bangladesh,West Indies,Mahmudullah,Afif Hossain,R Shepherd,0,0,,,,,,,,,
1433382,2024/25,2024-12-12,"Warner Park, Basseterre, St Kitts",1,29.5,Bangladesh,West Indies,Mahmudullah,Afif Hossain,R Shepherd,0,0,,,,,,,,,
1433382,2024/25,2024-12-12,"Warner Park, Basseterre, St Kitts",1,29.6,Bangladesh,West Indies,Mahmudullah,Afif Hossain,R Shepherd,0,0,,,,,,,,,
1433382,2024/25,2024-12-12,"Warner Park, Basseterre, St Kitts",1,30.1,Bangladesh,West Indies,Afif Hossain,Mahmudullah,SE Rutherford,0,0,,,,,,,,,
1433382,2024/25,2024-12-12,"Warner Park, Basseterre, St Kitts",1,30.2,Bangladesh,West Indies,Afif Hossain,Mahmudullah,SE Rutherford,0,0,,,,,,,,,
1433382,2024/25,2024-12-12,"Warner Park, Basseterre, St Kitts",1,30.3,Bangladesh,West Indies,Afif Hossain,Mahmudullah,SE Rutherford,0,0,,,,,,caught,Afif Hossain,,
1433382,2024/25,2024-12-12,"Warner Park, Basseterre, St Kitts",1,30.4,Bangladesh,West Indies,Jaker Ali,Mahmudullah,SE Rutherford,0,0,,,,,,,,,
1433382,2024/25,2024-12-12,"Warner Park, Basseterre, St Kitts",1,30.5,Bangladesh,West Indies,Jaker Ali,Mahmudullah,SE Rutherford,0,0,,,,,,,,,
1433382,2024/25,2024-12-12,"Warner Park, Basseterre, St Kitts",1,30.6,Bangladesh,West Indies,Jaker Ali,Mahmudullah,SE Rutherford,0,0,,,,,,,,,
1433382,2024/25,2024-12-12,"Warner Park, Basseterre, St Kitts",1,31.1,Bangladesh,West Indies,Mahmudullah,Jaker Ali,R Shepherd,0,0,,,,,,,,,
1433382,2024/25,2024-12-12,"Warner Park, Basseterre, St Kitts",1,31.2,Bangladesh,West Indies,Mahmudullah,Jaker Ali,R Shepherd,0,0,,,,,,,,,
1433382,2024/25,2024-12-12,"Warner Park, Basseterre, St Kitts",1,31.3,Bangladesh,West Indies,Mahmudullah,Jaker Ali,R Shepherd,1,0,,,,,,,,,
1433382,2024/25,2024-12-12,"Warner Park, Basseterre, St Kitts",1,31.4,Bangladesh,West Indies,Jaker Ali,Mahmudullah,R Shepherd,0,0,,,,,,,,,
1433382,2024/25,2024-12-12,"Warner Park, Basseterre, St Kitts",1,31.5,Bangladesh,West Indies,Jaker Ali,Mahmudullah,R Shepherd,0,0,,,,,,,,,
1433382,2024/25,2024-12-12,"Warner Park, Basseterre, St Kitts",1,31.6,Bangladesh,West Indies,Jaker Ali,Mahmudullah,R Shepherd,0,0,,,,,,,,,
1433382,2024/25,2024-12-12,"Warner Park, Basseterre, St Kitts",1,32.1,Bangladesh,West Indies,Mahmudullah,Jaker Ali,SE Rutherford,0,0,,,,,,,,,
1433382,2024/25,2024-12-12,"Warner Park, Basseterre, St Kitts",1,32.2,Bangladesh,West Indies,Mahmudullah,Jaker Ali,SE Rutherford,1,0,,,,,,,,,
1433382,2024/25,2024-12-12,"Warner Park, Basseterre, St Kitts",1,32.3,Bangladesh,West Indies,Jaker Ali,Mahmudullah,SE Rutherford,0,0,,,,,,,,,
1433382,2024/25,2024-12-12,"Warner Park, Basseterre, St Kitts",1,32.4,Bangladesh,West Indies,Jaker Ali,Mahmudullah,SE Rutherford,4,0,,,,,,,,,
1433382,2024/25,2024-12-12,"Warner Park, Basseterre, St Kitts",1,32.5,Bangladesh,West Indies,Jaker Ali,Mahmudullah,SE Rutherford,1,0,,,,,,,,,
1433382,2024/25,2024-12-12,"Warner Park, Basseterre, St Kitts",1,32.6,Bangladesh,West Indies,Mahmudullah,Jaker Ali,SE Rutherford,0,0,,,,,,,,,
1433382,2024/25,2024-12-12,"Warner Park, Basseterre, St Kitts",1,33.1,Bangladesh,West Indies,Jaker Ali,Mahmudullah,R Shepherd,1,0,,,,,,,,,
1433382,2024/25,2024-12-12,"Warner Park, Basseterre, St Kitts",1,33.2,Bangladesh,West Indies,Mahmudullah,Jaker Ali,R Shepherd,0,0,,,,,,,,,
1433382,2024/25,2024-12-12,"Warner Park, Basseterre, St Kitts",1,33.3,Bangladesh,West Indies,Mahmudullah,Jaker Ali,R Shepherd,0,0,,,,,,,,,
1433382,2024/25,2024-12-12,"Warner Park, Basseterre, St Kitts",1,33.4,Bangladesh,West Indies,Mahmudullah,Jaker Ali,R Shepherd,1,0,,,,,,,,,
1433382,2024/25,2024-12-12,"Warner Park, Basseterre, St Kitts",1,33.5,Bangladesh,West Indies,Jaker Ali,Mahmudullah,R Shepherd,4,0,,,,,,,,,
1433382,2024/25,2024-12-12,"Warner Park, Basseterre, St Kitts",1,33.6,Bangladesh,West Indies,Jaker Ali,Mahmudullah,R Shepherd,0,0,,,,,,,,,
1433382,2024/25,2024-12-12,"Warner Park, Basseterre, St Kitts",1,34.1,Bangladesh,West Indies,Mahmudullah,Jaker Ali,SE Rutherford,4,0,,,,,,,,,
1433382,2024/25,2024-12-12,"Warner Park, Basseterre, St Kitts",1,34.2,Bangladesh,West Indies,Mahmudullah,Jaker Ali,SE Rutherford,0,0,,,,,,,,,
1433382,2024/25,2024-12-12,"Warner Park, Basseterre, St Kitts",1,34.3,Bangladesh,West Indies,Mahmudullah,Jaker Ali,SE Rutherford,0,0,,,,,,,,,
1433382,2024/25,2024-12-12,"Warner Park, Basseterre, St Kitts",1,34.4,Bangladesh,West Indies,Mahmudullah,Jaker Ali,SE Rutherford,0,0,,,,,,,,,
1433382,2024/25,2024-12-12,"Warner Park, Basseterre, St Kitts",1,34.5,Bangladesh,West Indies,Mahmudullah,Jaker Ali,SE Rutherford,0,0,,,,,,,,,
1433382,2024/25,2024-12-12,"Warner Park, Basseterre, St Kitts",1,34.6,Bangladesh,West Indies,Mahmudullah,Jaker Ali,SE Rutherford,0,0,,,,,,,,,
1433382,2024/25,2024-12-12,"Warner Park, Basseterre, St Kitts",1,35.1,Bangladesh,West Indies,Jaker Ali,Mahmudullah,R Shepherd,1,0,,,,,,,,,
1433382,2024/25,2024-12-12,"Warner Park, Basseterre, St Kitts",1,35.2,Bangladesh,West Indies,Mahmudullah,Jaker Ali,R Shepherd,2,0,,,,,,,,,
1433382,2024/25,2024-12-12,"Warner Park, Basseterre, St Kitts",1,35.3,Bangladesh,West Indies,Mahmudullah,Jaker Ali,R Shepherd,0,0,,,,,,,,,
1433382,2024/25,2024-12-12,"Warner Park, Basseterre, St Kitts",1,35.4,Bangladesh,West Indies,Mahmudullah,Jaker Ali,R Shepherd,1,0,,,,,,,,,
1433382,2024/25,2024-12-12,"Warner Park, Basseterre, St Kitts",1,35.5,Bangladesh,West Indies,Jaker Ali,Mahmudullah,R Shepherd,1,0,,,,,,,,,
1433382,2024/25,2024-12-12,"Warner Park, Basseterre, St Kitts",1,35.6,Bangladesh,West Indies,Mahmudullah,Jaker Ali,R Shepherd,0,0,,,,,,,,,
1433382,2024/25,2024-12-12,"Warner Park, Basseterre, St Kitts",1,36.1,Bangladesh,West Indies,Jaker Ali,Mahmudullah,AS Joseph,0,0,,,,,,,,,
1433382,2024/25,2024-12-12,"Warner Park, Basseterre, St Kitts",1,36.2,Bangladesh,West Indies,Jaker Ali,Mahmudullah,AS Joseph,2,0,,,,,,,,,
1433382,2024/25,2024-12-12,"Warner Park, Basseterre, St Kitts",1,36.3,Bangladesh,West Indies,Jaker Ali,Mahmudullah,AS Joseph,1,0,,,,,,,,,
1433382,2024/25,2024-12-12,"Warner Park, Basseterre, St Kitts",1,36.4,Bangladesh,West Indies,Mahmudullah,Jaker Ali,AS Joseph,1,0,,,,,,,,,
1433382,2024/25,2024-12-12,"Warner Park, Basseterre, St Kitts",1,36.5,Bangladesh,West Indies,Jaker Ali,Mahmudullah,AS Joseph,1,0,,,,,,,,,
1433382,2024/25,2024-12-12,"Warner Park, Basseterre, St Kitts",1,36.6,Bangladesh,West Indies,Mahmudullah,Jaker Ali,AS Joseph,0,0,,,,,,,,,
1433382,2024/25,2024-12-12,"Warner Park, Basseterre, St Kitts",1,37.1,Bangladesh,West Indies,Jaker Ali,Mahmudullah,G Motie,0,0,,,,,,,,,
1433382,2024/25,2024-12-12,"Warner Park, Basseterre, St Kitts",1,37.2,Bangladesh,West Indies,Jaker Ali,Mahmudullah,G Motie,0,0,,,,,,,,,
1433382,2024/25,2024-12-12,"Warner Park, Basseterre, St Kitts",1,37.3,Bangladesh,West Indies,Jaker Ali,Mahmudullah,G Motie,0,0,,,,,,,,,
1433382,2024/25,2024-12-12,"Warner Park, Basseterre, St Kitts",1,37.4,Bangladesh,West Indies,Jaker Ali,Mahmudullah,G Motie,0,0,,,,,,,,,
1433382,2024/25,2024-12-12,"Warner Park, Basseterre, St Kitts",1,37.5,Bangladesh,West Indies,Jaker Ali,Mahmudullah,G Motie,1,0,,,,,,,,,
1433382,2024/25,2024-12-12,"Warner Park, Basseterre, St Kitts",1,37.6,Bangladesh,West Indies,Mahmudullah,Jaker Ali,G Motie,6,0,,,,,,,,,
1433382,2024/25,2024-12-12,"Warner Park, Basseterre, St Kitts",1,38.1,Bangladesh,West Indies,Jaker Ali,Mahmudullah,AS Joseph,0,0,,,,,,,,,
1433382,2024/25,2024-12-12,"Warner Park, Basseterre, St Kitts",1,38.2,Bangladesh,West Indies,Jaker Ali,Mahmudullah,AS Joseph,4,0,,,,,,,,,
1433382,2024/25,2024-12-12,"Warner Park, Basseterre, St Kitts",1,38.3,Bangladesh,West Indies,Jaker Ali,Mahmudullah,AS Joseph,1,0,,,,,,,,,
1433382,2024/25,2024-12-12,"Warner Park, Basseterre, St Kitts",1,38.4,Bangladesh,West Indies,Mahmudullah,Jaker Ali,AS Joseph,3,0,,,,,,,,,
1433382,2024/25,2024-12-12,"Warner Park, Basseterre, St Kitts",1,38.5,Bangladesh,West Indies,Jaker Ali,Mahmudullah,AS Joseph,1,0,,,,,,,,,
1433382,2024/25,2024-12-12,"Warner Park, Basseterre, St Kitts",1,38.6,Bangladesh,West Indies,Mahmudullah,Jaker Ali,AS Joseph,0,0,,,,,,,,,
1433382,2024/25,2024-12-12,"Warner Park, Basseterre, St Kitts",1,39.1,Bangladesh,West Indies,Jaker Ali,Mahmudullah,G Motie,0,0,,,,,,,,,
1433382,2024/25,2024-12-12,"Warner Park, Basseterre, St Kitts",1,39.2,Bangladesh,West Indies,Jaker Ali,Mahmudullah,G Motie,0,0,,,,,,,,,
1433382,2024/25,2024-12-12,"Warner Park, Basseterre, St Kitts",1,39.3,Bangladesh,West Indies,Jaker Ali,Mahmudullah,G Motie,1,0,,,,,,,,,
1433382,2024/25,2024-12-12,"Warner Park, Basseterre, St Kitts",1,39.4,Bangladesh,West Indies,Mahmudullah,Jaker Ali,G Motie,2,0,,,,,,,,,
1433382,2024/25,2024-12-12,"Warner Park, Basseterre, St Kitts",1,39.5,Bangladesh,West Indies,Mahmudullah,Jaker Ali,G Motie,0,0,,,,,,,,,
1433382,2024/25,2024-12-12,"Warner Park, Basseterre, St Kitts",1,39.6,Bangladesh,West Indies,Mahmudullah,Jaker Ali,G Motie,0,0,,,,,,,,,
1433382,2024/25,2024-12-12,"Warner Park, Basseterre, St Kitts",1,40.1,Bangladesh,West Indies,Jaker Ali,Mahmudullah,RL Chase,1,0,,,,,,,,,
1433382,2024/25,2024-12-12,"Warner Park, Basseterre, St Kitts",1,40.2,Bangladesh,West Indies,Mahmudullah,Jaker Ali,RL Chase,6,0,,,,,,,,,
1433382,2024/25,2024-12-12,"Warner Park, Basseterre, St Kitts",1,40.3,Bangladesh,West Indies,Mahmudullah,Jaker Ali,RL Chase,1,0,,,,,,,,,
1433382,2024/25,2024-12-12,"Warner Park, Basseterre, St Kitts",1,40.4,Bangladesh,West Indies,Jaker Ali,Mahmudullah,RL Chase,0,0,,,,,,,,,
1433382,2024/25,2024-12-12,"Warner Park, Basseterre, St Kitts",1,40.5,Bangladesh,West Indies,Jaker Ali,Mahmudullah,RL Chase,0,0,,,,,,,,,
1433382,2024/25,2024-12-12,"Warner Park, Basseterre, St Kitts",1,40.6,Bangladesh,West Indies,Jaker Ali,Mahmudullah,RL Chase,0,0,,,,,,,,,
1433382,2024/25,2024-12-12,"Warner Park, Basseterre, St Kitts",1,41.1,Bangladesh,West Indies,Mahmudullah,Jaker Ali,G Motie,1,0,,,,,,,,,
1433382,2024/25,2024-12-12,"Warner Park, Basseterre, St Kitts",1,41.2,Bangladesh,West Indies,Jaker Ali,Mahmudullah,G Motie,4,0,,,,,,,,,
1433382,2024/25,2024-12-12,"Warner Park, Basseterre, St Kitts",1,41.3,Bangladesh,West Indies,Jaker Ali,Mahmudullah,G Motie,0,1,1,,,,,,,,
1433382,2024/25,2024-12-12,"Warner Park, Basseterre, St Kitts",1,41.4,Bangladesh,West Indies,Jaker Ali,Mahmudullah,G Motie,1,0,,,,,,,,,
1433382,2024/25,2024-12-12,"Warner Park, Basseterre, St Kitts",1,41.5,Bangladesh,West Indies,Mahmudullah,Jaker Ali,G Motie,0,0,,,,,,,,,
1433382,2024/25,2024-12-12,"Warner Park, Basseterre, St Kitts",1,41.6,Bangladesh,West Indies,Mahmudullah,Jaker Ali,G Motie,1,0,,,,,,,,,
1433382,2024/25,2024-12-12,"Warner Park, Basseterre, St Kitts",1,41.7,Bangladesh,West Indies,Jaker Ali,Mahmudullah,G Motie,0,0,,,,,,,,,
1433382,2024/25,2024-12-12,"Warner Park, Basseterre, St Kitts",1,42.1,Bangladesh,West Indies,Mahmudullah,Jaker Ali,RL Chase,1,0,,,,,,,,,
1433382,2024/25,2024-12-12,"Warner Park, Basseterre, St Kitts",1,42.2,Bangladesh,West Indies,Jaker Ali,Mahmudullah,RL Chase,1,0,,,,,,,,,
1433382,2024/25,2024-12-12,"Warner Park, Basseterre, St Kitts",1,42.3,Bangladesh,West Indies,Mahmudullah,Jaker Ali,RL Chase,4,0,,,,,,,,,
1433382,2024/25,2024-12-12,"Warner Park, Basseterre, St Kitts",1,42.4,Bangladesh,West Indies,Mahmudullah,Jaker Ali,RL Chase,1,0,,,,,,,,,
1433382,2024/25,2024-12-12,"Warner Park, Basseterre, St Kitts",1,42.5,Bangladesh,West Indies,Jaker Ali,Mahmudullah,RL Chase,1,0,,,,,,,,,
1433382,2024/25,2024-12-12,"Warner Park, Basseterre, St Kitts",1,42.6,Bangladesh,West Indies,Mahmudullah,Jaker Ali,RL Chase,1,0,,,,,,,,,
1433382,2024/25,2024-12-12,"Warner Park, Basseterre, St Kitts",1,43.1,Bangladesh,West Indies,Mahmudullah,Jaker Ali,R Shepherd,1,0,,,,,,,,,
1433382,2024/25,2024-12-12,"Warner Park, Basseterre, St Kitts",1,43.2,Bangladesh,West Indies,Jaker Ali,Mahmudullah,R Shepherd,1,0,,,,,,,,,
1433382,2024/25,2024-12-12,"Warner Park, Basseterre, St Kitts",1,43.3,Bangladesh,West Indies,Mahmudullah,Jaker Ali,R Shepherd,1,0,,,,,,,,,
1433382,2024/25,2024-12-12,"Warner Park, Basseterre, St Kitts",1,43.4,Bangladesh,West Indies,Jaker Ali,Mahmudullah,R Shepherd,6,0,,,,,,,,,
1433382,2024/25,2024-12-12,"Warner Park, Basseterre, St Kitts",1,43.5,Bangladesh,West Indies,Jaker Ali,Mahmudullah,R Shepherd,1,0,,,,,,,,,
1433382,2024/25,2024-12-12,"Warner Park, Basseterre, St Kitts",1,43.6,Bangladesh,West Indies,Mahmudullah,Jaker Ali,R Shepherd,1,0,,,,,,,,,
1433382,2024/25,2024-12-12,"Warner Park, Basseterre, St Kitts",1,44.1,Bangladesh,West Indies,Mahmudullah,Jaker Ali,SE Rutherford,1,0,,,,,,,,,
1433382,2024/25,2024-12-12,"Warner Park, Basseterre, St Kitts",1,44.2,Bangladesh,West Indies,Jaker Ali,Mahmudullah,SE Rutherford,1,0,,,,,,,,,
1433382,2024/25,2024-12-12,"Warner Park, Basseterre, St Kitts",1,44.3,Bangladesh,West Indies,Mahmudullah,Jaker Ali,SE Rutherford,0,1,1,,,,,,,,
1433382,2024/25,2024-12-12,"Warner Park, Basseterre, St Kitts",1,44.4,Bangladesh,West Indies,Mahmudullah,Jaker Ali,SE Rutherford,1,0,,,,,,,,,
1433382,2024/25,2024-12-12,"Warner Park, Basseterre, St Kitts",1,44.5,Bangladesh,West Indies,Jaker Ali,Mahmudullah,SE Rutherford,1,0,,,,,,,,,
1433382,2024/25,2024-12-12,"Warner Park, Basseterre, St Kitts",1,44.6,Bangladesh,West Indies,Mahmudullah,Jaker Ali,SE Rutherford,1,0,,,,,,,,,
1433382,2024/25,2024-12-12,"Warner Park, Basseterre, St Kitts",1,44.7,Bangladesh,West Indies,Jaker Ali,Mahmudullah,SE Rutherford,1,0,,,,,,,,,
1433382,2024/25,2024-12-12,"Warner Park, Basseterre, St Kitts",1,45.1,Bangladesh,West Indies,Jaker Ali,Mahmudullah,AS Joseph,0,0,,,,,,,,,
1433382,2024/25,2024-12-12,"Warner Park, Basseterre, St Kitts",1,45.2,Bangladesh,West Indies,Jaker Ali,Mahmudullah,AS Joseph,0,0,,,,,,,,,
1433382,2024/25,2024-12-12,"Warner Park, Basseterre, St Kitts",1,45.3,Bangladesh,West Indies,Jaker Ali,Mahmudullah,AS Joseph,1,0,,,,,,,,,
1433382,2024/25,2024-12-12,"Warner Park, Basseterre, St Kitts",1,45.4,Bangladesh,West Indies,Mahmudullah,Jaker Ali,AS Joseph,1,0,,,,,,,,,
1433382,2024/25,2024-12-12,"Warner Park, Basseterre, St Kitts",1,45.5,Bangladesh,West Indies,Jaker Ali,Mahmudullah,AS Joseph,0,0,,,,,,,,,
1433382,2024/25,2024-12-12,"Warner Park, Basseterre, St Kitts",1,45.6,Bangladesh,West Indies,Jaker Ali,Mahmudullah,AS Joseph,0,0,,,,,,,,,
1433382,2024/25,2024-12-12,"Warner Park, Basseterre, St Kitts",1,46.1,Bangladesh,West Indies,Mahmudullah,Jaker Ali,SE Rutherford,1,0,,,,,,,,,
1433382,2024/25,2024-12-12,"Warner Park, Basseterre, St Kitts",1,46.2,Bangladesh,West Indies,Jaker Ali,Mahmudullah,SE Rutherford,2,0,,,,,,,,,
1433382,2024/25,2024-12-12,"Warner Park, Basseterre, St Kitts",1,46.3,Bangladesh,West Indies,Jaker Ali,Mahmudullah,SE Rutherford,1,0,,,,,,,,,
1433382,2024/25,2024-12-12,"Warner Park, Basseterre, St Kitts",1,46.4,Bangladesh,West Indies,Mahmudullah,Jaker Ali,SE Rutherford,0,1,1,,,,,,,,
1433382,2024/25,2024-12-12,"Warner Park, Basseterre, St Kitts",1,46.5,Bangladesh,West Indies,Mahmudullah,Jaker Ali,SE Rutherford,0,1,1,,,,,,,,
1433382,2024/25,2024-12-12,"Warner Park, Basseterre, St Kitts",1,46.6,Bangladesh,West Indies,Mahmudullah,Jaker Ali,SE Rutherford,4,0,,,,,,,,,
1433382,2024/25,2024-12-12,"Warner Park, Basseterre, St Kitts",1,46.7,Bangladesh,West Indies,Mahmudullah,Jaker Ali,SE Rutherford,6,0,,,,,,,,,
1433382,2024/25,2024-12-12,"Warner Park, Basseterre, St Kitts",1,46.8,Bangladesh,West Indies,Mahmudullah,Jaker Ali,SE Rutherford,1,0,,,,,,,,,
1433382,2024/25,2024-12-12,"Warner Park, Basseterre, St Kitts",1,47.1,Bangladesh,West Indies,Mahmudullah,Jaker Ali,R Shepherd,0,0,,,,,,,,,
1433382,2024/25,2024-12-12,"Warner Park, Basseterre, St Kitts",1,47.2,Bangladesh,West Indies,Mahmudullah,Jaker Ali,R Shepherd,1,0,,,,,,,,,
1433382,2024/25,2024-12-12,"Warner Park, Basseterre, St Kitts",1,47.3,Bangladesh,West Indies,Jaker Ali,Mahmudullah,R Shepherd,4,0,,,,,,,,,
1433382,2024/25,2024-12-12,"Warner Park, Basseterre, St Kitts",1,47.4,Bangladesh,West Indies,Jaker Ali,Mahmudullah,R Shepherd,6,0,,,,,,,,,
1433382,2024/25,2024-12-12,"Warner Park, Basseterre, St Kitts",1,47.5,Bangladesh,West Indies,Jaker Ali,Mahmudullah,R Shepherd,1,0,,,,,,,,,
1433382,2024/25,2024-12-12,"Warner Park, Basseterre, St Kitts",1,47.6,Bangladesh,West Indies,Mahmudullah,Jaker Ali,R Shepherd,4,0,,,,,,,,,
1433382,2024/25,2024-12-12,"Warner Park, Basseterre, St Kitts",1,48.1,Bangladesh,West Indies,Jaker Ali,Mahmudullah,J Blades,3,0,,,,,,,,,
1433382,2024/25,2024-12-12,"Warner Park, Basseterre, St Kitts",1,48.2,Bangladesh,West Indies,Mahmudullah,Jaker Ali,J Blades,6,0,,,,,,,,,
1433382,2024/25,2024-12-12,"Warner Park, Basseterre, St Kitts",1,48.3,Bangladesh,West Indies,Mahmudullah,Jaker Ali,J Blades,1,0,,,,,,,,,
1433382,2024/25,2024-12-12,"Warner Park, Basseterre, St Kitts",1,48.4,Bangladesh,West Indies,Jaker Ali,Mahmudullah,J Blades,1,0,,,,,,,,,
1433382,2024/25,2024-12-12,"Warner Park, Basseterre, St Kitts",1,48.5,Bangladesh,West Indies,Mahmudullah,Jaker Ali,J Blades,4,0,,,,,,,,,
1433382,2024/25,2024-12-12,"Warner Park, Basseterre, St Kitts",1,48.6,Bangladesh,West Indies,Mahmudullah,Jaker Ali,J Blades,1,0,,,,,,,,,
1433382,2024/25,2024-12-12,"Warner Park, Basseterre, St Kitts",1,49.1,Bangladesh,West Indies,Mahmudullah,Jaker Ali,AS Joseph,4,0,,,,,,,,,
1433382,2024/25,2024-12-12,"Warner Park, Basseterre, St Kitts",1,49.2,Bangladesh,West Indies,Mahmudullah,Jaker Ali,AS Joseph,0,0,,,,,,,,,
1433382,2024/25,2024-12-12,"Warner Park, Basseterre, St Kitts",1,49.3,Bangladesh,West Indies,Mahmudullah,Jaker Ali,AS Joseph,4,0,,,,,,,,,
1433382,2024/25,2024-12-12,"Warner Park, Basseterre, St Kitts",1,49.4,Bangladesh,West Indies,Mahmudullah,Jaker Ali,AS Joseph,2,0,,,,,,,,,
1433382,2024/25,2024-12-12,"Warner Park, Basseterre, St Kitts",1,49.5,Bangladesh,West Indies,Mahmudullah,Jaker Ali,AS Joseph,0,0,,,,,,,,,
1433382,2024/25,2024-12-12,"Warner Park, Basseterre, St Kitts",1,49.6,Bangladesh,West Indies,Mahmudullah,Jaker Ali,AS Joseph,0,0,,,,,,,,,
1433382,2024/25,2024-12-12,"Warner Park, Basseterre, St Kitts",2,0.1,West Indies,Bangladesh,BA King,A Athanaze,Hasan Mahmud,0,0,,,,,,,,,
1433382,2024/25,2024-12-12,"Warner Park, Basseterre, St Kitts",2,0.2,West Indies,Bangladesh,BA King,A Athanaze,Hasan Mahmud,0,0,,,,,,,,,
1433382,2024/25,2024-12-12,"Warner Park, Basseterre, St Kitts",2,0.3,West Indies,Bangladesh,BA King,A Athanaze,Hasan Mahmud,0,0,,,,,,,,,
1433382,2024/25,2024-12-12,"Warner Park, Basseterre, St Kitts",2,0.4,West Indies,Bangladesh,BA King,A Athanaze,Hasan Mahmud,1,0,,,,,,,,,
1433382,2024/25,2024-12-12,"Warner Park, Basseterre, St Kitts",2,0.5,West Indies,Bangladesh,A Athanaze,BA King,Hasan Mahmud,0,4,,,,4,,,,,
1433382,2024/25,2024-12-12,"Warner Park, Basseterre, St Kitts",2,0.6,West Indies,Bangladesh,A Athanaze,BA King,Hasan Mahmud,0,0,,,,,,,,,
1433382,2024/25,2024-12-12,"Warner Park, Basseterre, St Kitts",2,1.1,West Indies,Bangladesh,BA King,A Athanaze,Nasum Ahmed,4,0,,,,,,,,,
1433382,2024/25,2024-12-12,"Warner Park, Basseterre, St Kitts",2,1.2,West Indies,Bangladesh,BA King,A Athanaze,Nasum Ahmed,0,0,,,,,,,,,
1433382,2024/25,2024-12-12,"Warner Park, Basseterre, St Kitts",2,1.3,West Indies,Bangladesh,BA King,A Athanaze,Nasum Ahmed,4,0,,,,,,,,,
1433382,2024/25,2024-12-12,"Warner Park, Basseterre, St Kitts",2,1.4,West Indies,Bangladesh,BA King,A Athanaze,Nasum Ahmed,6,0,,,,,,,,,
1433382,2024/25,2024-12-12,"Warner Park, Basseterre, St Kitts",2,1.5,West Indies,Bangladesh,BA King,A Athanaze,Nasum Ahmed,0,0,,,,,,,,,
1433382,2024/25,2024-12-12,"Warner Park, Basseterre, St Kitts",2,1.6,West Indies,Bangladesh,BA King,A Athanaze,Nasum Ahmed,0,0,,,,,,run out,BA King,,
1433382,2024/25,2024-12-12,"Warner Park, Basseterre, St Kitts",2,2.1,West Indies,Bangladesh,A Athanaze,KU Carty,Hasan Mahmud,4,0,,,,,,,,,
1433382,2024/25,2024-12-12,"Warner Park, Basseterre, St Kitts",2,2.2,West Indies,Bangladesh,A Athanaze,KU Carty,Hasan Mahmud,1,0,,,,,,,,,
1433382,2024/25,2024-12-12,"Warner Park, Basseterre, St Kitts",2,2.3,West Indies,Bangladesh,KU Carty,A Athanaze,Hasan Mahmud,1,0,,,,,,,,,
1433382,2024/25,2024-12-12,"Warner Park, Basseterre, St Kitts",2,2.4,West Indies,Bangladesh,A Athanaze,KU Carty,Hasan Mahmud,0,0,,,,,,,,,
1433382,2024/25,2024-12-12,"Warner Park, Basseterre, St Kitts",2,2.5,West Indies,Bangladesh,A Athanaze,KU Carty,Hasan Mahmud,2,0,,,,,,,,,
1433382,2024/25,2024-12-12,"Warner Park, Basseterre, St Kitts",2,2.6,West Indies,Bangladesh,A Athanaze,KU Carty,Hasan Mahmud,0,0,,,,,,,,,
1433382,2024/25,2024-12-12,"Warner Park, Basseterre, St Kitts",2,3.1,West Indies,Bangladesh,KU Carty,A Athanaze,Nasum Ahmed,1,0,,,,,,,,,
1433382,2024/25,2024-12-12,"Warner Park, Basseterre, St Kitts",2,3.2,West Indies,Bangladesh,A Athanaze,KU Carty,Nasum Ahmed,0,0,,,,,,bowled,A Athanaze,,
1433382,2024/25,2024-12-12,"Warner Park, Basseterre, St Kitts",2,3.3,West Indies,Bangladesh,SD Hope,KU Carty,Nasum Ahmed,0,0,,,,,,,,,
1433382,2024/25,2024-12-12,"Warner Park, Basseterre, St Kitts",2,3.4,West Indies,Bangladesh,SD Hope,KU Carty,Nasum Ahmed,1,0,,,,,,,,,
1433382,2024/25,2024-12-12,"Warner Park, Basseterre, St Kitts",2,3.5,West Indies,Bangladesh,KU Carty,SD Hope,Nasum Ahmed,0,0,,,,,,,,,
1433382,2024/25,2024-12-12,"Warner Park, Basseterre, St Kitts",2,3.6,West Indies,Bangladesh,KU Carty,SD Hope,Nasum Ahmed,0,0,,,,,,,,,
1433382,2024/25,2024-12-12,"Warner Park, Basseterre, St Kitts",2,4.1,West Indies,Bangladesh,SD Hope,KU Carty,Hasan Mahmud,0,0,,,,,,,,,
1433382,2024/25,2024-12-12,"Warner Park, Basseterre, St Kitts",2,4.2,West Indies,Bangladesh,SD Hope,KU Carty,Hasan Mahmud,0,0,,,,,,,,,
1433382,2024/25,2024-12-12,"Warner Park, Basseterre, St Kitts",2,4.3,West Indies,Bangladesh,SD Hope,KU Carty,Hasan Mahmud,2,0,,,,,,,,,
1433382,2024/25,2024-12-12,"Warner Park, Basseterre, St Kitts",2,4.4,West Indies,Bangladesh,SD Hope,KU Carty,Hasan Mahmud,0,0,,,,,,caught,SD Hope,,
1433382,2024/25,2024-12-12,"Warner Park, Basseterre, St Kitts",2,4.5,West Indies,Bangladesh,SE Rutherford,KU Carty,Hasan Mahmud,0,0,,,,,,,,,
1433382,2024/25,2024-12-12,"Warner Park, Basseterre, St Kitts",2,4.6,West Indies,Bangladesh,SE Rutherford,KU Carty,Hasan Mahmud,1,0,,,,,,,,,
1433382,2024/25,2024-12-12,"Warner Park, Basseterre, St Kitts",2,5.1,West Indies,Bangladesh,SE Rutherford,KU Carty,Nasum Ahmed,0,0,,,,,,,,,
1433382,2024/25,2024-12-12,"Warner Park, Basseterre, St Kitts",2,5.2,West Indies,Bangladesh,SE Rutherford,KU Carty,Nasum Ahmed,1,0,,,,,,,,,
1433382,2024/25,2024-12-12,"Warner Park, Basseterre, St Kitts",2,5.3,West Indies,Bangladesh,KU Carty,SE Rutherford,Nasum Ahmed,1,0,,,,,,,,,
1433382,2024/25,2024-12-12,"Warner Park, Basseterre, St Kitts",2,5.4,West Indies,Bangladesh,SE Rutherford,KU Carty,Nasum Ahmed,0,0,,,,,,,,,
1433382,2024/25,2024-12-12,"Warner Park, Basseterre, St Kitts",2,5.5,West Indies,Bangladesh,SE Rutherford,KU Carty,Nasum Ahmed,4,0,,,,,,,,,
1433382,2024/25,2024-12-12,"Warner Park, Basseterre, St Kitts",2,5.6,West Indies,Bangladesh,SE Rutherford,KU Carty,Nasum Ahmed,0,0,,,,,,,,,
1433382,2024/25,2024-12-12,"Warner Park, Basseterre, St Kitts",2,6.1,West Indies,Bangladesh,KU Carty,SE Rutherford,Hasan Mahmud,0,1,1,,,,,,,,
1433382,2024/25,2024-12-12,"Warner Park, Basseterre, St Kitts",2,6.2,West Indies,Bangladesh,KU Carty,SE Rutherford,Hasan Mahmud,0,0,,,,,,,,,
1433382,2024/25,2024-12-12,"Warner Park, Basseterre, St Kitts",2,6.3,West Indies,Bangladesh,KU Carty,SE Rutherford,Hasan Mahmud,2,0,,,,,,,,,
1433382,2024/25,2024-12-12,"Warner Park, Basseterre, St Kitts",2,6.4,West Indies,Bangladesh,KU Carty,SE Rutherford,Hasan Mahmud,0,0,,,,,,,,,
1433382,2024/25,2024-12-12,"Warner Park, Basseterre, St Kitts",2,6.5,West Indies,Bangladesh,KU Carty,SE Rutherford,Hasan Mahmud,0,0,,,,,,,,,
1433382,2024/25,2024-12-12,"Warner Park, Basseterre, St Kitts",2,6.6,West Indies,Bangladesh,KU Carty,SE Rutherford,Hasan Mahmud,4,0,,,,,,,,,
1433382,2024/25,2024-12-12,"Warner Park, Basseterre, St Kitts",2,6.7,West Indies,Bangladesh,KU Carty,SE Rutherford,Hasan Mahmud,0,0,,,,,,,,,
1433382,2024/25,2024-12-12,"Warner Park, Basseterre, St Kitts",2,7.1,West Indies,Bangladesh,SE Rutherford,KU Carty,Mehedi Hasan Miraz,0,0,,,,,,,,,
1433382,2024/25,2024-12-12,"Warner Park, Basseterre, St Kitts",2,7.2,West Indies,Bangladesh,SE Rutherford,KU Carty,Mehedi Hasan Miraz,4,0,,,,,,,,,
1433382,2024/25,2024-12-12,"Warner Park, Basseterre, St Kitts",2,7.3,West Indies,Bangladesh,SE Rutherford,KU Carty,Mehedi Hasan Miraz,0,0,,,,,,,,,
1433382,2024/25,2024-12-12,"Warner Park, Basseterre, St Kitts",2,7.4,West Indies,Bangladesh,SE Rutherford,KU Carty,Mehedi Hasan Miraz,0,0,,,,,,,,,
1433382,2024/25,2024-12-12,"Warner Park, Basseterre, St Kitts",2,7.5,West Indies,Bangladesh,SE Rutherford,KU Carty,Mehedi Hasan Miraz,0,0,,,,,,,,,
1433382,2024/25,2024-12-12,"Warner Park, Basseterre, St Kitts",2,7.6,West Indies,Bangladesh,SE Rutherford,KU Carty,Mehedi Hasan Miraz,2,0,,,,,,,,,
1433382,2024/25,2024-12-12,"Warner Park, Basseterre, St Kitts",2,8.1,West Indies,Bangladesh,KU Carty,SE Rutherford,Taskin Ahmed,2,0,,,,,,,,,
1433382,2024/25,2024-12-12,"Warner Park, Basseterre, St Kitts",2,8.2,West Indies,Bangladesh,KU Carty,SE Rutherford,Taskin Ahmed,0,0,,,,,,,,,
1433382,2024/25,2024-12-12,"Warner Park, Basseterre, St Kitts",2,8.3,West Indies,Bangladesh,KU Carty,SE Rutherford,Taskin Ahmed,1,0,,,,,,,,,
1433382,2024/25,2024-12-12,"Warner Park, Basseterre, St Kitts",2,8.4,West Indies,Bangladesh,SE Rutherford,KU Carty,Taskin Ahmed,4,0,,,,,,,,,
1433382,2024/25,2024-12-12,"Warner Park, Basseterre, St Kitts",2,8.5,West Indies,Bangladesh,SE Rutherford,KU Carty,Taskin Ahmed,0,0,,,,,,,,,
1433382,2024/25,2024-12-12,"Warner Park, Basseterre, St Kitts",2,8.6,West Indies,Bangladesh,SE Rutherford,KU Carty,Taskin Ahmed,1,0,,,,,,,,,
1433382,2024/25,2024-12-12,"Warner Park, Basseterre, St Kitts",2,9.1,West Indies,Bangladesh,SE Rutherford,KU Carty,Mehedi Hasan Miraz,0,0,,,,,,,,,
1433382,2024/25,2024-12-12,"Warner Park, Basseterre, St Kitts",2,9.2,West Indies,Bangladesh,SE Rutherford,KU Carty,Mehedi Hasan Miraz,1,0,,,,,,,,,
1433382,2024/25,2024-12-12,"Warner Park, Basseterre, St Kitts",2,9.3,West Indies,Bangladesh,KU Carty,SE Rutherford,Mehedi Hasan Miraz,0,0,,,,,,,,,
1433382,2024/25,2024-12-12,"Warner Park, Basseterre, St Kitts",2,9.4,West Indies,Bangladesh,KU Carty,SE Rutherford,Mehedi Hasan Miraz,2,0,,,,,,,,,
1433382,2024/25,2024-12-12,"Warner Park, Basseterre, St Kitts",2,9.5,West Indies,Bangladesh,KU Carty,SE Rutherford,Mehedi Hasan Miraz,4,0,,,,,,,,,
1433382,2024/25,2024-12-12,"Warner Park, Basseterre, St Kitts",2,9.6,West Indies,Bangladesh,KU Carty,SE Rutherford,Mehedi Hasan Miraz,0,0,,,,,,,,,
1433382,2024/25,2024-12-12,"Warner Park, Basseterre, St Kitts",2,10.1,West Indies,Bangladesh,SE Rutherford,KU Carty,Taskin Ahmed,0,0,,,,,,,,,
1433382,2024/25,2024-12-12,"Warner Park, Basseterre, St Kitts",2,10.2,West Indies,Bangladesh,SE Rutherford,KU Carty,Taskin Ahmed,0,0,,,,,,,,,
1433382,2024/25,2024-12-12,"Warner Park, Basseterre, St Kitts",2,10.3,West Indies,Bangladesh,SE Rutherford,KU Carty,Taskin Ahmed,0,0,,,,,,,,,
1433382,2024/25,2024-12-12,"Warner Park, Basseterre, St Kitts",2,10.4,West Indies,Bangladesh,SE Rutherford,KU Carty,Taskin Ahmed,0,0,,,,,,,,,
1433382,2024/25,2024-12-12,"Warner Park, Basseterre, St Kitts",2,10.5,West Indies,Bangladesh,SE Rutherford,KU Carty,Taskin Ahmed,1,0,,,,,,,,,
1433382,2024/25,2024-12-12,"Warner Park, Basseterre, St Kitts",2,10.6,West Indies,Bangladesh,KU Carty,SE Rutherford,Taskin Ahmed,1,0,,,,,,,,,
1433382,2024/25,2024-12-12,"Warner Park, Basseterre, St Kitts",2,11.1,West Indies,Bangladesh,KU Carty,SE Rutherford,Mehedi Hasan Miraz,1,0,,,,,,,,,
1433382,2024/25,2024-12-12,"Warner Park, Basseterre, St Kitts",2,11.2,West Indies,Bangladesh,SE Rutherford,KU Carty,Mehedi Hasan Miraz,0,0,,,,,,,,,
1433382,2024/25,2024-12-12,"Warner Park, Basseterre, St Kitts",2,11.3,West Indies,Bangladesh,SE Rutherford,KU Carty,Mehedi Hasan Miraz,1,0,,,,,,,,,
1433382,2024/25,2024-12-12,"Warner Park, Basseterre, St Kitts",2,11.4,West Indies,Bangladesh,KU Carty,SE Rutherford,Mehedi Hasan Miraz,1,0,,,,,,,,,
1433382,2024/25,2024-12-12,"Warner Park, Basseterre, St Kitts",2,11.5,West Indies,Bangladesh,SE Rutherford,KU Carty,Mehedi Hasan Miraz,0,0,,,,,,,,,
1433382,2024/25,2024-12-12,"Warner Park, Basseterre, St Kitts",2,11.6,West Indies,Bangladesh,SE Rutherford,KU Carty,Mehedi Hasan Miraz,4,0,,,,,,,,,
1433382,2024/25,2024-12-12,"Warner Park, Basseterre, St Kitts",2,12.1,West Indies,Bangladesh,KU Carty,SE Rutherford,Taskin Ahmed,1,0,,,,,,,,,
1433382,2024/25,2024-12-12,"Warner Park, Basseterre, St Kitts",2,12.2,West Indies,Bangladesh,SE Rutherford,KU Carty,Taskin Ahmed,4,0,,,,,,,,,
1433382,2024/25,2024-12-12,"Warner Park, Basseterre, St Kitts",2,12.3,West Indies,Bangladesh,SE Rutherford,KU Carty,Taskin Ahmed,0,0,,,,,,,,,
1433382,2024/25,2024-12-12,"Warner Park, Basseterre, St Kitts",2,12.4,West Indies,Bangladesh,SE Rutherford,KU Carty,Taskin Ahmed,1,0,,,,,,,,,
1433382,2024/25,2024-12-12,"Warner Park, Basseterre, St Kitts",2,12.5,West Indies,Bangladesh,KU Carty,SE Rutherford,Taskin Ahmed,0,0,,,,,,,,,
1433382,2024/25,2024-12-12,"Warner Park, Basseterre, St Kitts",2,12.6,West Indies,Bangladesh,KU Carty,SE Rutherford,Taskin Ahmed,0,0,,,,,,,,,
1433382,2024/25,2024-12-12,"Warner Park, Basseterre, St Kitts",2,13.1,West Indies,Bangladesh,SE Rutherford,KU Carty,Rishad Hossain,0,0,,,,,,,,,
1433382,2024/25,2024-12-12,"Warner Park, Basseterre, St Kitts",2,13.2,West Indies,Bangladesh,SE Rutherford,KU Carty,Rishad Hossain,1,0,,,,,,,,,
1433382,2024/25,2024-12-12,"Warner Park, Basseterre, St Kitts",2,13.3,West Indies,Bangladesh,KU Carty,SE Rutherford,Rishad Hossain,4,0,,,,,,,,,
1433382,2024/25,2024-12-12,"Warner Park, Basseterre, St Kitts",2,13.4,West Indies,Bangladesh,KU Carty,SE Rutherford,Rishad Hossain,0,0,,,,,,,,,
1433382,2024/25,2024-12-12,"Warner Park, Basseterre, St Kitts",2,13.5,West Indies,Bangladesh,KU Carty,SE Rutherford,Rishad Hossain,0,0,,,,,,,,,
1433382,2024/25,2024-12-12,"Warner Park, Basseterre, St Kitts",2,13.6,West Indies,Bangladesh,KU Carty,SE Rutherford,Rishad Hossain,0,0,,,,,,,,,
1433382,2024/25,2024-12-12,"Warner Park, Basseterre, St Kitts",2,14.1,West Indies,Bangladesh,SE Rutherford,KU Carty,Taskin Ahmed,0,0,,,,,,caught,SE Rutherford,,
1433382,2024/25,2024-12-12,"Warner Park, Basseterre, St Kitts",2,14.2,West Indies,Bangladesh,AA Jangoo,KU Carty,Taskin Ahmed,0,0,,,,,,,,,
1433382,2024/25,2024-12-12,"Warner Park, Basseterre, St Kitts",2,14.3,West Indies,Bangladesh,AA Jangoo,KU Carty,Taskin Ahmed,0,0,,,,,,,,,
1433382,2024/25,2024-12-12,"Warner Park, Basseterre, St Kitts",2,14.4,West Indies,Bangladesh,AA Jangoo,KU Carty,Taskin Ahmed,1,0,,,,,,,,,
1433382,2024/25,2024-12-12,"Warner Park, Basseterre, St Kitts",2,14.5,West Indies,Bangladesh,KU Carty,AA Jangoo,Taskin Ahmed,0,0,,,,,,,,,
1433382,2024/25,2024-12-12,"Warner Park, Basseterre, St Kitts",2,14.6,West Indies,Bangladesh,KU Carty,AA Jangoo,Taskin Ahmed,1,0,,,,,,,,,
1433382,2024/25,2024-12-12,"Warner Park, Basseterre, St Kitts",2,15.1,West Indies,Bangladesh,KU Carty,AA Jangoo,Rishad Hossain,1,0,,,,,,,,,
1433382,2024/25,2024-12-12,"Warner Park, Basseterre, St Kitts",2,15.2,West Indies,Bangladesh,AA Jangoo,KU Carty,Rishad Hossain,0,0,,,,,,,,,
1433382,2024/25,2024-12-12,"Warner Park, Basseterre, St Kitts",2,15.3,West Indies,Bangladesh,AA Jangoo,KU Carty,Rishad Hossain,1,0,,,,,,,,,
1433382,2024/25,2024-12-12,"Warner Park, Basseterre, St Kitts",2,15.4,West Indies,Bangladesh,KU Carty,AA Jangoo,Rishad Hossain,0,0,,,,,,,,,
1433382,2024/25,2024-12-12,"Warner Park, Basseterre, St Kitts",2,15.5,West Indies,Bangladesh,KU Carty,AA Jangoo,Rishad Hossain,0,0,,,,,,,,,
1433382,2024/25,2024-12-12,"Warner Park, Basseterre, St Kitts",2,15.6,West Indies,Bangladesh,KU Carty,AA Jangoo,Rishad Hossain,0,0,,,,,,,,,
1433382,2024/25,2024-12-12,"Warner Park, Basseterre, St Kitts",2,16.1,West Indies,Bangladesh,AA Jangoo,KU Carty,Mehedi Hasan Miraz,1,0,,,,,,,,,
1433382,2024/25,2024-12-12,"Warner Park, Basseterre, St Kitts",2,16.2,West Indies,Bangladesh,KU Carty,AA Jangoo,Mehedi Hasan Miraz,0,0,,,,,,,,,
1433382,2024/25,2024-12-12,"Warner Park, Basseterre, St Kitts",2,16.3,West Indies,Bangladesh,KU Carty,AA Jangoo,Mehedi Hasan Miraz,0,0,,,,,,,,,
1433382,2024/25,2024-12-12,"Warner Park, Basseterre, St Kitts",2,16.4,West Indies,Bangladesh,KU Carty,AA Jangoo,Mehedi Hasan Miraz,1,0,,,,,,,,,
1433382,2024/25,2024-12-12,"Warner Park, Basseterre, St Kitts",2,16.5,West Indies,Bangladesh,AA Jangoo,KU Carty,Mehedi Hasan Miraz,0,0,,,,,,,,,
1433382,2024/25,2024-12-12,"Warner Park, Basseterre, St Kitts",2,16.6,West Indies,Bangladesh,AA Jangoo,KU Carty,Mehedi Hasan Miraz,0,0,,,,,,,,,
1433382,2024/25,2024-12-12,"Warner Park, Basseterre, St Kitts",2,17.1,West Indies,Bangladesh,KU Carty,AA Jangoo,Rishad Hossain,4,0,,,,,,,,,
1433382,2024/25,2024-12-12,"Warner Park, Basseterre, St Kitts",2,17.2,West Indies,Bangladesh,KU Carty,AA Jangoo,Rishad Hossain,4,0,,,,,,,,,
1433382,2024/25,2024-12-12,"Warner Park, Basseterre, St Kitts",2,17.3,West Indies,Bangladesh,KU Carty,AA Jangoo,Rishad Hossain,1,0,,,,,,,,,
1433382,2024/25,2024-12-12,"Warner Park, Basseterre, St Kitts",2,17.4,West Indies,Bangladesh,AA Jangoo,KU Carty,Rishad Hossain,0,0,,,,,,,,,
1433382,2024/25,2024-12-12,"Warner Park, Basseterre, St Kitts",2,17.5,West Indies,Bangladesh,AA Jangoo,KU Carty,Rishad Hossain,1,0,,,,,,,,,
1433382,2024/25,2024-12-12,"Warner Park, Basseterre, St Kitts",2,17.6,West Indies,Bangladesh,KU Carty,AA Jangoo,Rishad Hossain,1,0,,,,,,,,,
1433382,2024/25,2024-12-12,"Warner Park, Basseterre, St Kitts",2,18.1,West Indies,Bangladesh,KU Carty,AA Jangoo,Mehedi Hasan Miraz,1,0,,,,,,,,,
1433382,2024/25,2024-12-12,"Warner Park, Basseterre, St Kitts",2,18.2,West Indies,Bangladesh,AA Jangoo,KU Carty,Mehedi Hasan Miraz,0,0,,,,,,,,,
1433382,2024/25,2024-12-12,"Warner Park, Basseterre, St Kitts",2,18.3,West Indies,Bangladesh,AA Jangoo,KU Carty,Mehedi Hasan Miraz,0,0,,,,,,,,,
1433382,2024/25,2024-12-12,"Warner Park, Basseterre, St Kitts",2,18.4,West Indies,Bangladesh,AA Jangoo,KU Carty,Mehedi Hasan Miraz,1,0,,,,,,,,,
1433382,2024/25,2024-12-12,"Warner Park, Basseterre, St Kitts",2,18.5,West Indies,Bangladesh,KU Carty,AA Jangoo,Mehedi Hasan Miraz,0,0,,,,,,,,,
1433382,2024/25,2024-12-12,"Warner Park, Basseterre, St Kitts",2,18.6,West Indies,Bangladesh,KU Carty,AA Jangoo,Mehedi Hasan Miraz,0,0,,,,,,,,,
1433382,2024/25,2024-12-12,"Warner Park, Basseterre, St Kitts",2,19.1,West Indies,Bangladesh,AA Jangoo,KU Carty,Nasum Ahmed,0,0,,,,,,,,,
1433382,2024/25,2024-12-12,"Warner Park, Basseterre, St Kitts",2,19.2,West Indies,Bangladesh,AA Jangoo,KU Carty,Nasum Ahmed,1,0,,,,,,,,,
1433382,2024/25,2024-12-12,"Warner Park, Basseterre, St Kitts",2,19.3,West Indies,Bangladesh,KU Carty,AA Jangoo,Nasum Ahmed,1,0,,,,,,,,,
1433382,2024/25,2024-12-12,"Warner Park, Basseterre, St Kitts",2,19.4,West Indies,Bangladesh,AA Jangoo,KU Carty,Nasum Ahmed,1,0,,,,,,,,,
1433382,2024/25,2024-12-12,"Warner Park, Basseterre, St Kitts",2,19.5,West Indies,Bangladesh,KU Carty,AA Jangoo,Nasum Ahmed,1,0,,,,,,,,,
1433382,2024/25,2024-12-12,"Warner Park, Basseterre, St Kitts",2,19.6,West Indies,Bangladesh,AA Jangoo,KU Carty,Nasum Ahmed,0,0,,,,,,,,,
1433382,2024/25,2024-12-12,"Warner Park, Basseterre, St Kitts",2,20.1,West Indies,Bangladesh,KU Carty,AA Jangoo,Mehedi Hasan Miraz,0,0,,,,,,,,,
1433382,2024/25,2024-12-12,"Warner Park, Basseterre, St Kitts",2,20.2,West Indies,Bangladesh,KU Carty,AA Jangoo,Mehedi Hasan Miraz,6,0,,,,,,,,,
1433382,2024/25,2024-12-12,"Warner Park, Basseterre, St Kitts",2,20.3,West Indies,Bangladesh,KU Carty,AA Jangoo,Mehedi Hasan Miraz,4,0,,,,,,,,,
1433382,2024/25,2024-12-12,"Warner Park, Basseterre, St Kitts",2,20.4,West Indies,Bangladesh,KU Carty,AA Jangoo,Mehedi Hasan Miraz,0,0,,,,,,,,,
1433382,2024/25,2024-12-12,"Warner Park, Basseterre, St Kitts",2,20.5,West Indies,Bangladesh,KU Carty,AA Jangoo,Mehedi Hasan Miraz,1,0,,,,,,,,,
1433382,2024/25,2024-12-12,"Warner Park, Basseterre, St Kitts",2,20.6,West Indies,Bangladesh,AA Jangoo,KU Carty,Mehedi Hasan Miraz,2,0,,,,,,,,,
1433382,2024/25,2024-12-12,"Warner Park, Basseterre, St Kitts",2,21.1,West Indies,Bangladesh,KU Carty,AA Jangoo,Nasum Ahmed,4,0,,,,,,,,,
1433382,2024/25,2024-12-12,"Warner Park, Basseterre, St Kitts",2,21.2,West Indies,Bangladesh,KU Carty,AA Jangoo,Nasum Ahmed,0,0,,,,,,,,,
1433382,2024/25,2024-12-12,"Warner Park, Basseterre, St Kitts",2,21.3,West Indies,Bangladesh,KU Carty,AA Jangoo,Nasum Ahmed,0,0,,,,,,,,,
1433382,2024/25,2024-12-12,"Warner Park, Basseterre, St Kitts",2,21.4,West Indies,Bangladesh,KU Carty,AA Jangoo,Nasum Ahmed,1,0,,,,,,,,,
1433382,2024/25,2024-12-12,"Warner Park, Basseterre, St Kitts",2,21.5,West Indies,Bangladesh,AA Jangoo,KU Carty,Nasum Ahmed,1,0,,,,,,,,,
1433382,2024/25,2024-12-12,"Warner Park, Basseterre, St Kitts",2,21.6,West Indies,Bangladesh,KU Carty,AA Jangoo,Nasum Ahmed,1,0,,,,,,,,,
1433382,2024/25,2024-12-12,"Warner Park, Basseterre, St Kitts",2,22.1,West Indies,Bangladesh,KU Carty,AA Jangoo,Hasan Mahmud,1,0,,,,,,,,,
1433382,2024/25,2024-12-12,"Warner Park, Basseterre, St Kitts",2,22.2,West Indies,Bangladesh,AA Jangoo,KU Carty,Hasan Mahmud,0,0,,,,,,,,,
1433382,2024/25,2024-12-12,"Warner Park, Basseterre, St Kitts",2,22.3,West Indies,Bangladesh,AA Jangoo,KU Carty,Hasan Mahmud,2,0,,,,,,,,,
1433382,2024/25,2024-12-12,"Warner Park, Basseterre, St Kitts",2,22.4,West Indies,Bangladesh,AA Jangoo,KU Carty,Hasan Mahmud,1,0,,,,,,,,,
1433382,2024/25,2024-12-12,"Warner Park, Basseterre, St Kitts",2,22.5,West Indies,Bangladesh,KU Carty,AA Jangoo,Hasan Mahmud,4,0,,,,,,,,,
1433382,2024/25,2024-12-12,"Warner Park, Basseterre, St Kitts",2,22.6,West Indies,Bangladesh,KU Carty,AA Jangoo,Hasan Mahmud,1,0,,,,,,,,,
1433382,2024/25,2024-12-12,"Warner Park, Basseterre, St Kitts",2,23.1,West Indies,Bangladesh,KU Carty,AA Jangoo,Nasum Ahmed,1,0,,,,,,,,,
1433382,2024/25,2024-12-12,"Warner Park, Basseterre, St Kitts",2,23.2,West Indies,Bangladesh,AA Jangoo,KU Carty,Nasum Ahmed,0,0,,,,,,,,,
1433382,2024/25,2024-12-12,"Warner Park, Basseterre, St Kitts",2,23.3,West Indies,Bangladesh,AA Jangoo,KU Carty,Nasum Ahmed,2,0,,,,,,,,,
1433382,2024/25,2024-12-12,"Warner Park, Basseterre, St Kitts",2,23.4,West Indies,Bangladesh,AA Jangoo,KU Carty,Nasum Ahmed,4,0,,,,,,,,,
1433382,2024/25,2024-12-12,"Warner Park, Basseterre, St Kitts",2,23.5,West Indies,Bangladesh,AA Jangoo,KU Carty,Nasum Ahmed,1,0,,,,,,,,,
1433382,2024/25,2024-12-12,"Warner Park, Basseterre, St Kitts",2,23.6,West Indies,Bangladesh,KU Carty,AA Jangoo,Nasum Ahmed,0,0,,,,,,,,,
1433382,2024/25,2024-12-12,"Warner Park, Basseterre, St Kitts",2,24.1,West Indies,Bangladesh,AA Jangoo,KU Carty,Hasan Mahmud,1,0,,,,,,,,,
1433382,2024/25,2024-12-12,"Warner Park, Basseterre, St Kitts",2,24.2,West Indies,Bangladesh,KU Carty,AA Jangoo,Hasan Mahmud,2,0,,,,,,,,,
1433382,2024/25,2024-12-12,"Warner Park, Basseterre, St Kitts",2,24.3,West Indies,Bangladesh,KU Carty,AA Jangoo,Hasan Mahmud,0,0,,,,,,,,,
1433382,2024/25,2024-12-12,"Warner Park, Basseterre, St Kitts",2,24.4,West Indies,Bangladesh,KU Carty,AA Jangoo,Hasan Mahmud,1,0,,,,,,,,,
1433382,2024/25,2024-12-12,"Warner Park, Basseterre, St Kitts",2,24.5,West Indies,Bangladesh,AA Jangoo,KU Carty,Hasan Mahmud,0,0,,,,,,,,,
1433382,2024/25,2024-12-12,"Warner Park, Basseterre, St Kitts",2,24.6,West Indies,Bangladesh,AA Jangoo,KU Carty,Hasan Mahmud,0,0,,,,,,,,,
1433382,2024/25,2024-12-12,"Warner Park, Basseterre, St Kitts",2,25.1,West Indies,Bangladesh,KU Carty,AA Jangoo,Nasum Ahmed,4,0,,,,,,,,,
1433382,2024/25,2024-12-12,"Warner Park, Basseterre, St Kitts",2,25.2,West Indies,Bangladesh,KU Carty,AA Jangoo,Nasum Ahmed,0,0,,,,,,,,,
1433382,2024/25,2024-12-12,"Warner Park, Basseterre, St Kitts",2,25.3,West Indies,Bangladesh,KU Carty,AA Jangoo,Nasum Ahmed,1,0,,,,,,,,,
1433382,2024/25,2024-12-12,"Warner Park, Basseterre, St Kitts",2,25.4,West Indies,Bangladesh,AA Jangoo,KU Carty,Nasum Ahmed,4,0,,,,,,,,,
1433382,2024/25,2024-12-12,"Warner Park, Basseterre, St Kitts",2,25.5,West Indies,Bangladesh,AA Jangoo,KU Carty,Nasum Ahmed,2,0,,,,,,,,,
1433382,2024/25,2024-12-12,"Warner Park, Basseterre, St Kitts",2,25.6,West Indies,Bangladesh,AA Jangoo,KU Carty,Nasum Ahmed,4,0,,,,,,,,,
1433382,2024/25,2024-12-12,"Warner Park, Basseterre, St Kitts",2,26.1,West Indies,Bangladesh,KU Carty,AA Jangoo,Rishad Hossain,1,0,,,,,,,,,
1433382,2024/25,2024-12-12,"Warner Park, Basseterre, St Kitts",2,26.2,West Indies,Bangladesh,AA Jangoo,KU Carty,Rishad Hossain,1,0,,,,,,,,,
1433382,2024/25,2024-12-12,"Warner Park, Basseterre, St Kitts",2,26.3,West Indies,Bangladesh,KU Carty,AA Jangoo,Rishad Hossain,0,0,,,,,,,,,
1433382,2024/25,2024-12-12,"Warner Park, Basseterre, St Kitts",2,26.4,West Indies,Bangladesh,KU Carty,AA Jangoo,Rishad Hossain,6,0,,,,,,,,,
1433382,2024/25,2024-12-12,"Warner Park, Basseterre, St Kitts",2,26.5,West Indies,Bangladesh,KU Carty,AA Jangoo,Rishad Hossain,1,0,,,,,,,,,
1433382,2024/25,2024-12-12,"Warner Park, Basseterre, St Kitts",2,26.6,West Indies,Bangladesh,AA Jangoo,KU Carty,Rishad Hossain,1,0,,,,,,,,,
1433382,2024/25,2024-12-12,"Warner Park, Basseterre, St Kitts",2,27.1,West Indies,Bangladesh,AA Jangoo,KU Carty,Taskin Ahmed,4,0,,,,,,,,,
1433382,2024/25,2024-12-12,"Warner Park, Basseterre, St Kitts",2,27.2,West Indies,Bangladesh,AA Jangoo,KU Carty,Taskin Ahmed,1,0,,,,,,,,,
1433382,2024/25,2024-12-12,"Warner Park, Basseterre, St Kitts",2,27.3,West Indies,Bangladesh,KU Carty,AA Jangoo,Taskin Ahmed,1,0,,,,,,,,,
1433382,2024/25,2024-12-12,"Warner Park, Basseterre, St Kitts",2,27.4,West Indies,Bangladesh,AA Jangoo,KU Carty,Taskin Ahmed,0,0,,,,,,,,,
1433382,2024/25,2024-12-12,"Warner Park, Basseterre, St Kitts",2,27.5,West Indies,Bangladesh,AA Jangoo,KU Carty,Taskin Ahmed,1,0,,,,,,,,,
1433382,2024/25,2024-12-12,"Warner Park, Basseterre, St Kitts",2,27.6,West Indies,Bangladesh,KU Carty,AA Jangoo,Taskin Ahmed,0,0,,,,,,,,,
1433382,2024/25,2024-12-12,"Warner Park, Basseterre, St Kitts",2,28.1,West Indies,Bangladesh,AA Jangoo,KU Carty,Afif Hossain,0,0,,,,,,,,,
1433382,2024/25,2024-12-12,"Warner Park, Basseterre, St Kitts",2,28.2,West Indies,Bangladesh,AA Jangoo,KU Carty,Afif Hossain,0,0,,,,,,,,,
1433382,2024/25,2024-12-12,"Warner Park, Basseterre, St Kitts",2,28.3,West Indies,Bangladesh,AA Jangoo,KU Carty,Afif Hossain,1,0,,,,,,,,,
1433382,2024/25,2024-12-12,"Warner Park, Basseterre, St Kitts",2,28.4,West Indies,Bangladesh,KU Carty,AA Jangoo,Afif Hossain,0,0,,,,,,,,,
1433382,2024/25,2024-12-12,"Warner Park, Basseterre, St Kitts",2,28.5,West Indies,Bangladesh,KU Carty,AA Jangoo,Afif Hossain,1,0,,,,,,,,,
1433382,2024/25,2024-12-12,"Warner Park, Basseterre, St Kitts",2,28.6,West Indies,Bangladesh,AA Jangoo,KU Carty,Afif Hossain,6,0,,,,,,,,,
1433382,2024/25,2024-12-12,"Warner Park, Basseterre, St Kitts",2,29.1,West Indies,Bangladesh,KU Carty,AA Jangoo,Taskin Ahmed,0,1,,,,1,,,,,
1433382,2024/25,2024-12-12,"Warner Park, Basseterre, St Kitts",2,29.2,West Indies,Bangladesh,AA Jangoo,KU Carty,Taskin Ahmed,1,0,,,,,,,,,
1433382,2024/25,2024-12-12,"Warner Park, Basseterre, St Kitts",2,29.3,West Indies,Bangladesh,KU Carty,AA Jangoo,Taskin Ahmed,0,0,,,,,,,,,
1433382,2024/25,2024-12-12,"Warner Park, Basseterre, St Kitts",2,29.4,West Indies,Bangladesh,KU Carty,AA Jangoo,Taskin Ahmed,4,0,,,,,,,,,
1433382,2024/25,2024-12-12,"Warner Park, Basseterre, St Kitts",2,29.5,West Indies,Bangladesh,KU Carty,AA Jangoo,Taskin Ahmed,0,0,,,,,,,,,
1433382,2024/25,2024-12-12,"Warner Park, Basseterre, St Kitts",2,29.6,West Indies,Bangladesh,KU Carty,AA Jangoo,Taskin Ahmed,1,0,,,,,,,,,
1433382,2024/25,2024-12-12,"Warner Park, Basseterre, St Kitts",2,30.1,West Indies,Bangladesh,KU Carty,AA Jangoo,Mehedi Hasan Miraz,1,0,,,,,,,,,
1433382,2024/25,2024-12-12,"Warner Park, Basseterre, St Kitts",2,30.2,West Indies,Bangladesh,AA Jangoo,KU Carty,Mehedi Hasan Miraz,1,0,,,,,,,,,
1433382,2024/25,2024-12-12,"Warner Park, Basseterre, St Kitts",2,30.3,West Indies,Bangladesh,KU Carty,AA Jangoo,Mehedi Hasan Miraz,1,0,,,,,,,,,
1433382,2024/25,2024-12-12,"Warner Park, Basseterre, St Kitts",2,30.4,West Indies,Bangladesh,AA Jangoo,KU Carty,Mehedi Hasan Miraz,2,0,,,,,,,,,
1433382,2024/25,2024-12-12,"Warner Park, Basseterre, St Kitts",2,30.5,West Indies,Bangladesh,AA Jangoo,KU Carty,Mehedi Hasan Miraz,1,0,,,,,,,,,
1433382,2024/25,2024-12-12,"Warner Park, Basseterre, St Kitts",2,30.6,West Indies,Bangladesh,KU Carty,AA Jangoo,Mehedi Hasan Miraz,1,0,,,,,,,,,
1433382,2024/25,2024-12-12,"Warner Park, Basseterre, St Kitts",2,31.1,West Indies,Bangladesh,KU Carty,AA Jangoo,Soumya Sarkar,1,0,,,,,,,,,
1433382,2024/25,2024-12-12,"Warner Park, Basseterre, St Kitts",2,31.2,West Indies,Bangladesh,AA Jangoo,KU Carty,Soumya Sarkar,0,0,,,,,,,,,
1433382,2024/25,2024-12-12,"Warner Park, Basseterre, St Kitts",2,31.3,West Indies,Bangladesh,AA Jangoo,KU Carty,Soumya Sarkar,1,0,,,,,,,,,
1433382,2024/25,2024-12-12,"Warner Park, Basseterre, St Kitts",2,31.4,West Indies,Bangladesh,KU Carty,AA Jangoo,Soumya Sarkar,1,0,,,,,,,,,
1433382,2024/25,2024-12-12,"Warner Park, Basseterre, St Kitts",2,31.5,West Indies,Bangladesh,AA Jangoo,KU Carty,Soumya Sarkar,2,0,,,,,,,,,
1433382,2024/25,2024-12-12,"Warner Park, Basseterre, St Kitts",2,31.6,West Indies,Bangladesh,AA Jangoo,KU Carty,Soumya Sarkar,1,0,,,,,,,,,
1433382,2024/25,2024-12-12,"Warner Park, Basseterre, St Kitts",2,32.1,West Indies,Bangladesh,AA Jangoo,KU Carty,Mehedi Hasan Miraz,0,0,,,,,,,,,
1433382,2024/25,2024-12-12,"Warner Park, Basseterre, St Kitts",2,32.2,West Indies,Bangladesh,AA Jangoo,KU Carty,Mehedi Hasan Miraz,1,0,,,,,,,,,
1433382,2024/25,2024-12-12,"Warner Park, Basseterre, St Kitts",2,32.3,West Indies,Bangladesh,KU Carty,AA Jangoo,Mehedi Hasan Miraz,1,0,,,,,,,,,
1433382,2024/25,2024-12-12,"Warner Park, Basseterre, St Kitts",2,32.4,West Indies,Bangladesh,AA Jangoo,KU Carty,Mehedi Hasan Miraz,4,0,,,,,,,,,
1433382,2024/25,2024-12-12,"Warner Park, Basseterre, St Kitts",2,32.5,West Indies,Bangladesh,AA Jangoo,KU Carty,Mehedi Hasan Miraz,1,0,,,,,,,,,
1433382,2024/25,2024-12-12,"Warner Park, Basseterre, St Kitts",2,32.6,West Indies,Bangladesh,KU Carty,AA Jangoo,Mehedi Hasan Miraz,0,0,,,,,,,,,
1433382,2024/25,2024-12-12,"Warner Park, Basseterre, St Kitts",2,33.1,West Indies,Bangladesh,AA Jangoo,KU Carty,Rishad Hossain,1,0,,,,,,,,,
1433382,2024/25,2024-12-12,"Warner Park, Basseterre, St Kitts",2,33.2,West Indies,Bangladesh,KU Carty,AA Jangoo,Rishad Hossain,0,0,,,,,,caught,KU Carty,,
1433382,2024/25,2024-12-12,"Warner Park, Basseterre, St Kitts",2,33.3,West Indies,Bangladesh,RL Chase,AA Jangoo,Rishad Hossain,1,0,,,,,,,,,
1433382,2024/25,2024-12-12,"Warner Park, Basseterre, St Kitts",2,33.4,West Indies,Bangladesh,AA Jangoo,RL Chase,Rishad Hossain,0,0,,,,,,,,,
1433382,2024/25,2024-12-12,"Warner Park, Basseterre, St Kitts",2,33.5,West Indies,Bangladesh,AA Jangoo,RL Chase,Rishad Hossain,1,0,,,,,,,,,
1433382,2024/25,2024-12-12,"Warner Park, Basseterre, St Kitts",2,33.6,West Indies,Bangladesh,RL Chase,AA Jangoo,Rishad Hossain,1,0,,,,,,,,,
1433382,2024/25,2024-12-12,"Warner Park, Basseterre, St Kitts",2,34.1,West Indies,Bangladesh,RL Chase,AA Jangoo,Mehedi Hasan Miraz,0,0,,,,,,,,,
1433382,2024/25,2024-12-12,"Warner Park, Basseterre, St Kitts",2,34.2,West Indies,Bangladesh,RL Chase,AA Jangoo,Mehedi Hasan Miraz,1,0,,,,,,,,,
1433382,2024/25,2024-12-12,"Warner Park, Basseterre, St Kitts",2,34.3,West Indies,Bangladesh,AA Jangoo,RL Chase,Mehedi Hasan Miraz,1,0,,,,,,,,,
1433382,2024/25,2024-12-12,"Warner Park, Basseterre, St Kitts",2,34.4,West Indies,Bangladesh,RL Chase,AA Jangoo,Mehedi Hasan Miraz,0,0,,,,,,,,,
1433382,2024/25,2024-12-12,"Warner Park, Basseterre, St Kitts",2,34.5,West Indies,Bangladesh,RL Chase,AA Jangoo,Mehedi Hasan Miraz,4,0,,,,,,,,,
1433382,2024/25,2024-12-12,"Warner Park, Basseterre, St Kitts",2,34.6,West Indies,Bangladesh,RL Chase,AA Jangoo,Mehedi Hasan Miraz,1,0,,,,,,,,,
1433382,2024/25,2024-12-12,"Warner Park, Basseterre, St Kitts",2,35.1,West Indies,Bangladesh,RL Chase,AA Jangoo,Rishad Hossain,1,0,,,,,,,,,
1433382,2024/25,2024-12-12,"Warner Park, Basseterre, St Kitts",2,35.2,West Indies,Bangladesh,AA Jangoo,RL Chase,Rishad Hossain,0,0,,,,,,,,,
1433382,2024/25,2024-12-12,"Warner Park, Basseterre, St Kitts",2,35.3,West Indies,Bangladesh,AA Jangoo,RL Chase,Rishad Hossain,1,0,,,,,,,,,
1433382,2024/25,2024-12-12,"Warner Park, Basseterre, St Kitts",2,35.4,West Indies,Bangladesh,RL Chase,AA Jangoo,Rishad Hossain,0,0,,,,,,,,,
1433382,2024/25,2024-12-12,"Warner Park, Basseterre, St Kitts",2,35.5,West Indies,Bangladesh,RL Chase,AA Jangoo,Rishad Hossain,2,0,,,,,,,,,
1433382,2024/25,2024-12-12,"Warner Park, Basseterre, St Kitts",2,35.6,West Indies,Bangladesh,RL Chase,AA Jangoo,Rishad Hossain,0,0,,,,,,,,,
1433382,2024/25,2024-12-12,"Warner Park, Basseterre, St Kitts",2,36.1,West Indies,Bangladesh,AA Jangoo,RL Chase,Taskin Ahmed,1,0,,,,,,,,,
1433382,2024/25,2024-12-12,"Warner Park, Basseterre, St Kitts",2,36.2,West Indies,Bangladesh,RL Chase,AA Jangoo,Taskin Ahmed,0,0,,,,,,,,,
1433382,2024/25,2024-12-12,"Warner Park, Basseterre, St Kitts",2,36.3,West Indies,Bangladesh,RL Chase,AA Jangoo,Taskin Ahmed,0,0,,,,,,,,,
1433382,2024/25,2024-12-12,"Warner Park, Basseterre, St Kitts",2,36.4,West Indies,Bangladesh,RL Chase,AA Jangoo,Taskin Ahmed,0,0,,,,,,,,,
1433382,2024/25,2024-12-12,"Warner Park, Basseterre, St Kitts",2,36.5,West Indies,Bangladesh,RL Chase,AA Jangoo,Taskin Ahmed,0,0,,,,,,,,,
1433382,2024/25,2024-12-12,"Warner Park, Basseterre, St Kitts",2,36.6,West Indies,Bangladesh,RL Chase,AA Jangoo,Taskin Ahmed,1,0,,,,,,,,,
1433382,2024/25,2024-12-12,"Warner Park, Basseterre, St Kitts",2,37.1,West Indies,Bangladesh,RL Chase,AA Jangoo,Rishad Hossain,0,0,,,,,,caught and bowled,RL Chase,,
1433382,2024/25,2024-12-12,"Warner Park, Basseterre, St Kitts",2,37.2,West Indies,Bangladesh,G Motie,AA Jangoo,Rishad Hossain,0,0,,,,,,,,,
1433382,2024/25,2024-12-12,"Warner Park, Basseterre, St Kitts",2,37.3,West Indies,Bangladesh,G Motie,AA Jangoo,Rishad Hossain,2,0,,,,,,,,,
1433382,2024/25,2024-12-12,"Warner Park, Basseterre, St Kitts",2,37.4,West Indies,Bangladesh,G Motie,AA Jangoo,Rishad Hossain,0,0,,,,,,,,,
1433382,2024/25,2024-12-12,"Warner Park, Basseterre, St Kitts",2,37.5,West Indies,Bangladesh,G Motie,AA Jangoo,Rishad Hossain,4,0,,,,,,,,,
1433382,2024/25,2024-12-12,"Warner Park, Basseterre, St Kitts",2,37.6,West Indies,Bangladesh,G Motie,AA Jangoo,Rishad Hossain,0,0,,,,,,,,,
1433382,2024/25,2024-12-12,"Warner Park, Basseterre, St Kitts",2,38.1,West Indies,Bangladesh,AA Jangoo,G Motie,Mehedi Hasan Miraz,6,0,,,,,,,,,
1433382,2024/25,2024-12-12,"Warner Park, Basseterre, St Kitts",2,38.2,West Indies,Bangladesh,AA Jangoo,G Motie,Mehedi Hasan Miraz,1,0,,,,,,,,,
1433382,2024/25,2024-12-12,"Warner Park, Basseterre, St Kitts",2,38.3,West Indies,Bangladesh,G Motie,AA Jangoo,Mehedi Hasan Miraz,1,0,,,,,,,,,
1433382,2024/25,2024-12-12,"Warner Park, Basseterre, St Kitts",2,38.4,West Indies,Bangladesh,AA Jangoo,G Motie,Mehedi Hasan Miraz,1,0,,,,,,,,,
1433382,2024/25,2024-12-12,"Warner Park, Basseterre, St Kitts",2,38.5,West Indies,Bangladesh,G Motie,AA Jangoo,Mehedi Hasan Miraz,0,0,,,,,,,,,
1433382,2024/25,2024-12-12,"Warner Park, Basseterre, St Kitts",2,38.6,West Indies,Bangladesh,G Motie,AA Jangoo,Mehedi Hasan Miraz,0,1,,,1,,,,,,
1433382,2024/25,2024-12-12,"Warner Park, Basseterre, St Kitts",2,39.1,West Indies,Bangladesh,G Motie,AA Jangoo,Rishad Hossain,0,0,,,,,,,,,
1433382,2024/25,2024-12-12,"Warner Park, Basseterre, St Kitts",2,39.2,West Indies,Bangladesh,G Motie,AA Jangoo,Rishad Hossain,0,0,,,,,,,,,
1433382,2024/25,2024-12-12,"Warner Park, Basseterre, St Kitts",2,39.3,West Indies,Bangladesh,G Motie,AA Jangoo,Rishad Hossain,4,0,,,,,,,,,
1433382,2024/25,2024-12-12,"Warner Park, Basseterre, St Kitts",2,39.4,West Indies,Bangladesh,G Motie,AA Jangoo,Rishad Hossain,1,0,,,,,,,,,
1433382,2024/25,2024-12-12,"Warner Park, Basseterre, St Kitts",2,39.5,West Indies,Bangladesh,AA Jangoo,G Motie,Rishad Hossain,0,5,5,,,,,,,,
1433382,2024/25,2024-12-12,"Warner Park, Basseterre, St Kitts",2,39.6,West Indies,Bangladesh,AA Jangoo,G Motie,Rishad Hossain,0,0,,,,,,,,,
1433382,2024/25,2024-12-12,"Warner Park, Basseterre, St Kitts",2,39.7,West Indies,Bangladesh,AA Jangoo,G Motie,Rishad Hossain,1,0,,,,,,,,,
1433382,2024/25,2024-12-12,"Warner Park, Basseterre, St Kitts",2,40.1,West Indies,Bangladesh,AA Jangoo,G Motie,Hasan Mahmud,0,1,,,1,,,,,,
1433382,2024/25,2024-12-12,"Warner Park, Basseterre, St Kitts",2,40.2,West Indies,Bangladesh,G Motie,AA Jangoo,Hasan Mahmud,0,0,,,,,,,,,
1433382,2024/25,2024-12-12,"Warner Park, Basseterre, St Kitts",2,40.3,West Indies,Bangladesh,G Motie,AA Jangoo,Hasan Mahmud,1,0,,,,,,,,,
1433382,2024/25,2024-12-12,"Warner Park, Basseterre, St Kitts",2,40.4,West Indies,Bangladesh,AA Jangoo,G Motie,Hasan Mahmud,0,0,,,,,,,,,
1433382,2024/25,2024-12-12,"Warner Park, Basseterre, St Kitts",2,40.5,West Indies,Bangladesh,AA Jangoo,G Motie,Hasan Mahmud,1,0,,,,,,,,,
1433382,2024/25,2024-12-12,"Warner Park, Basseterre, St Kitts",2,40.6,West Indies,Bangladesh,G Motie,AA Jangoo,Hasan Mahmud,1,0,,,,,,,,,
1433382,2024/25,2024-12-12,"Warner Park, Basseterre, St Kitts",2,41.1,West Indies,Bangladesh,G Motie,AA Jangoo,Taskin Ahmed,0,0,,,,,,,,,
1433382,2024/25,2024-12-12,"Warner Park, Basseterre, St Kitts",2,41.2,West Indies,Bangladesh,G Motie,AA Jangoo,Taskin Ahmed,1,0,,,,,,,,,
1433382,2024/25,2024-12-12,"Warner Park, Basseterre, St Kitts",2,41.3,West Indies,Bangladesh,AA Jangoo,G Motie,Taskin Ahmed,1,0,,,,,,,,,
1433382,2024/25,2024-12-12,"Warner Park, Basseterre, St Kitts",2,41.4,West Indies,Bangladesh,G Motie,AA Jangoo,Taskin Ahmed,0,0,,,,,,,,,
1433382,2024/25,2024-12-12,"Warner Park, Basseterre, St Kitts",2,41.5,West Indies,Bangladesh,G Motie,AA Jangoo,Taskin Ahmed,1,0,,,,,,,,,
1433382,2024/25,2024-12-12,"Warner Park, Basseterre, St Kitts",2,41.6,West Indies,Bangladesh,AA Jangoo,G Motie,Taskin Ahmed,1,0,,,,,,,,,
1433382,2024/25,2024-12-12,"Warner Park, Basseterre, St Kitts",2,42.1,West Indies,Bangladesh,AA Jangoo,G Motie,Hasan Mahmud,0,1,1,,,,,,,,
1433382,2024/25,2024-12-12,"Warner Park, Basseterre, St Kitts",2,42.2,West Indies,Bangladesh,AA Jangoo,G Motie,Hasan Mahmud,2,0,,,,,,,,,
1433382,2024/25,2024-12-12,"Warner Park, Basseterre, St Kitts",2,42.3,West Indies,Bangladesh,AA Jangoo,G Motie,Hasan Mahmud,1,0,,,,,,,,,
1433382,2024/25,2024-12-12,"Warner Park, Basseterre, St Kitts",2,42.4,West Indies,Bangladesh,G Motie,AA Jangoo,Hasan Mahmud,6,0,,,,,,,,,
1433382,2024/25,2024-12-12,"Warner Park, Basseterre, St Kitts",2,42.5,West Indies,Bangladesh,G Motie,AA Jangoo,Hasan Mahmud,0,0,,,,,,,,,
1433382,2024/25,2024-12-12,"Warner Park, Basseterre, St Kitts",2,42.6,West Indies,Bangladesh,G Motie,AA Jangoo,Hasan Mahmud,1,0,,,,,,,,,
1433382,2024/25,2024-12-12,"Warner Park, Basseterre, St Kitts",2,42.7,West Indies,Bangladesh,AA Jangoo,G Motie,Hasan Mahmud,6,0,,,,,,,,,
1433382,2024/25,2024-12-12,"Warner Park, Basseterre, St Kitts",2,43.1,West Indies,Bangladesh,G Motie,AA Jangoo,Taskin Ahmed,1,0,,,,,,,,,
1433382,2024/25,2024-12-12,"Warner Park, Basseterre, St Kitts",2,43.2,West Indies,Bangladesh,AA Jangoo,G Motie,Taskin Ahmed,1,0,,,,,,,,,
1433382,2024/25,2024-12-12,"Warner Park, Basseterre, St Kitts",2,43.3,West Indies,Bangladesh,G Motie,AA Jangoo,Taskin Ahmed,4,0,,,,,,,,,
1433382,2024/25,2024-12-12,"Warner Park, Basseterre, St Kitts",2,43.4,West Indies,Bangladesh,G Motie,AA Jangoo,Taskin Ahmed,1,0,,,,,,,,,
1433382,2024/25,2024-12-12,"Warner Park, Basseterre, St Kitts",2,43.5,West Indies,Bangladesh,AA Jangoo,G Motie,Taskin Ahmed,4,0,,,,,,,,,
1433382,2024/25,2024-12-12,"Warner Park, Basseterre, St Kitts",2,43.6,West Indies,Bangladesh,AA Jangoo,G Motie,Taskin Ahmed,1,0,,,,,,,,,
1433382,2024/25,2024-12-12,"Warner Park, Basseterre, St Kitts",2,44.1,West Indies,Bangladesh,AA Jangoo,G Motie,Afif Hossain,1,0,,,,,,,,,
1433382,2024/25,2024-12-12,"Warner Park, Basseterre, St Kitts",2,44.2,West Indies,Bangladesh,G Motie,AA Jangoo,Afif Hossain,1,0,,,,,,,,,
1433382,2024/25,2024-12-12,"Warner Park, Basseterre, St Kitts",2,44.3,West Indies,Bangladesh,AA Jangoo,G Motie,Afif Hossain,6,0,,,,,,,,,
1433382,2024/25,2024-12-12,"Warner Park, Basseterre, St Kitts",2,44.4,West Indies,Bangladesh,AA Jangoo,G Motie,Afif Hossain,1,0,,,,,,,,,
1433382,2024/25,2024-12-12,"Warner Park, Basseterre, St Kitts",2,44.5,West Indies,Bangladesh,G Motie,AA Jangoo,Afif Hossain,1,0,,,,,,,,,
1433382,2024/25,2024-12-12,"Warner Park, Basseterre, St Kitts",2,44.6,West Indies,Bangladesh,AA Jangoo,G Motie,Afif Hossain,1,0,,,,,,,,,
1433382,2024/25,2024-12-12,"Warner Park, Basseterre, St Kitts",2,45.1,West Indies,Bangladesh,AA Jangoo,G Motie,Rishad Hossain,1,0,,,,,,,,,
1433382,2024/25,2024-12-12,"Warner Park, Basseterre, St Kitts",2,45.2,West Indies,Bangladesh,G Motie,AA Jangoo,Rishad Hossain,1,0,,,,,,,,,
1433382,2024/25,2024-12-12,"Warner Park, Basseterre, St Kitts",2,45.3,West Indies,Bangladesh,AA Jangoo,G Motie,Rishad Hossain,1,0,,,,,,,,,
1433382,2024/25,2024-12-12,"Warner Park, Basseterre, St Kitts",2,45.4,West Indies,Bangladesh,G Motie,AA Jangoo,Rishad Hossain,6,0,,,,,,,,,
1433382,2024/25,2024-12-12,"Warner Park, Basseterre, St Kitts",2,45.5,West Indies,Bangladesh,G Motie,AA Jangoo,Rishad Hossain,0,0,,,,,,,,,
1433382,2024/25,2024-12-12,"Warner Park, Basseterre, St Kitts",2,45.6,West Indies,Bangladesh,G Motie,AA Jangoo,Rishad Hossain,6,1,,1,,,,,,,
